date,open,close,high,low,volume,成交额,振幅,涨跌幅,涨跌额,换手率
2017-05-25,12.24,14.76,14.76,12.24,65,176214.0,24.85,45.56,4.62,0.03
2017-05-26,16.27,16.27,16.27,16.27,41,124148.0,0.0,10.23,1.51,0.02
2017-05-31,17.94,17.94,17.94,17.94,47,156557.0,0.0,10.26,1.67,0.02
2017-06-01,19.77,19.77,19.77,19.77,53,194192.0,0.0,10.2,1.83,0.03
2017-06-02,21.78,21.78,21.78,21.78,437,1761110.0,0.0,10.17,2.01,0.22
2017-06-05,23.99,23.99,23.99,23.99,522,2314026.0,0.0,10.15,2.21,0.26
2017-06-06,26.43,26.43,26.43,26.43,1468,7157968.0,0.0,10.17,2.44,0.73
2017-06-07,29.11,29.11,29.11,29.11,6051,32456437.0,0.0,10.14,2.68,3.03
2017-06-12,28.76,28.48,30.56,27.44,96940,522263296.0,10.72,-2.16,-0.63,48.47
2017-06-13,26.56,27.38,27.98,26.02,73363,363787376.0,6.88,-3.86,-1.1,36.68
2017-06-14,26.56,25.54,26.77,25.24,61592,293736080.0,5.59,-6.72,-1.84,30.8
2017-06-15,25.41,25.76,26.49,25.4,40457,194644576.0,4.27,0.86,0.22,20.23
2017-06-16,25.94,27.18,28.38,25.65,69015,348524688.0,10.6,5.51,1.42,34.51
2017-06-19,27.77,28.54,29.91,27.48,65385,345847360.0,8.94,5.0,1.36,32.69
2017-06-20,28.05,28.37,29.61,28.01,57753,305793648.0,5.61,-0.6,-0.17,28.88
2017-06-21,28.22,31.13,31.17,27.71,69143,381540448.0,12.2,9.73,2.76,34.57
2017-06-22,30.68,29.97,31.09,29.58,45726,256381414.0,4.85,-3.73,-1.16,22.86
2017-06-23,30.24,31.34,32.76,29.87,60271,350381088.0,9.64,4.57,1.37,30.14
2017-06-26,31.56,33.34,33.98,30.39,49736,293163952.0,11.46,6.38,2.0,24.87
2017-06-27,33.37,33.26,34.51,32.94,35209,217749194.0,4.71,-0.24,-0.08,17.6
2017-06-28,33.09,33.77,34.79,32.79,34789,217736956.0,6.01,1.53,0.51,17.39
2017-06-29,33.9,34.25,34.3,33.37,26845,166685177.0,2.75,1.42,0.48,13.42
2017-06-30,33.93,33.26,37.0,32.93,56613,360358048.0,11.88,-2.89,-0.99,28.34
2017-07-03,33.21,33.6,34.68,32.71,40249,250050408.0,5.92,1.02,0.34,20.15
2017-07-04,33.49,34.15,34.52,33.49,26546,165671480.0,3.07,1.64,0.55,13.29
2017-07-05,34.24,36.45,36.45,34.03,38295,248761450.0,7.09,6.73,2.3,19.17
2017-07-06,36.05,38.64,39.2,35.79,40464,279099504.0,9.36,6.01,2.19,20.26
2017-07-07,38.23,38.09,38.92,37.27,29149,203710734.0,4.27,-1.42,-0.55,14.59
2017-07-10,37.01,35.11,37.58,35.08,33061,219380222.0,6.56,-7.82,-2.98,16.55
2017-07-11,35.33,35.13,36.17,34.89,15811,102946142.0,3.65,0.06,0.02,7.92
2017-07-12,35.13,34.24,35.3,33.42,34268,215119828.0,5.35,-2.53,-0.89,17.16
2017-07-13,33.93,33.5,34.47,32.72,18692,115598034.0,5.11,-2.16,-0.74,9.36
2017-07-14,33.26,32.24,33.92,31.99,23882,144462462.0,5.76,-3.76,-1.26,11.96
2017-07-17,31.01,29.66,31.49,29.11,24605,137773521.0,7.38,-8.0,-2.58,12.32
2017-07-18,29.35,30.11,30.79,29.3,18925,105109114.0,5.02,1.52,0.45,9.47
2017-07-19,29.79,30.24,30.51,28.65,18882,102690653.0,6.18,0.43,0.13,9.45
2017-07-20,30.13,30.73,32.27,29.87,21753,125171506.0,7.94,1.62,0.49,10.89
2017-07-21,30.4,29.6,30.87,29.52,13174,72726192.0,4.39,-3.68,-1.13,6.6
2017-07-24,29.31,31.09,31.3,28.51,17142,94774356.0,9.43,5.03,1.49,8.58
2017-07-25,30.93,32.22,32.74,30.74,20094,118561651.0,6.43,3.63,1.13,10.06
2017-07-26,31.89,31.94,32.6,31.17,13510,79181170.0,4.44,-0.87,-0.28,6.76
2017-07-27,31.8,33.67,34.24,31.51,22265,135897752.0,8.55,5.42,1.73,11.15
2017-07-28,33.43,32.82,34.25,32.77,15053,92282456.0,4.4,-2.52,-0.85,7.54
2017-07-31,32.63,32.28,32.82,31.83,9476,56262359.0,3.02,-1.65,-0.54,4.74
2017-08-01,32.05,33.04,33.14,31.63,12527,74626560.0,4.68,2.35,0.76,6.27
2017-08-02,32.61,32.23,32.87,32.01,8081,48230862.0,2.6,-2.45,-0.81,4.05
2017-08-03,32.19,32.0,33.2,31.84,8928,53278233.0,4.22,-0.71,-0.23,4.47
2017-08-04,31.67,31.23,32.05,30.57,9260,53228254.0,4.63,-2.41,-0.77,4.64
2017-08-07,30.95,31.09,31.78,30.95,4729,27256027.0,2.66,-0.45,-0.14,2.37
2017-08-08,31.1,30.43,31.21,30.29,8582,48274525.0,2.96,-2.12,-0.66,4.3
2017-08-09,30.57,30.73,30.87,30.2,5028,28334875.0,2.2,0.99,0.3,2.52
2017-08-10,30.73,30.65,31.28,30.4,5114,29015718.0,2.86,-0.26,-0.08,2.56
2017-08-11,30.54,30.18,30.54,29.9,4427,24609863.0,2.09,-1.53,-0.47,2.22
2017-08-14,30.13,31.83,32.02,29.85,9658,55901154.0,7.19,5.47,1.65,4.84
2017-08-15,31.84,32.32,32.49,31.6,7265,42894695.0,2.8,1.54,0.49,3.64
2017-08-16,32.16,33.65,33.8,31.88,16180,99401848.0,5.94,4.12,1.33,8.1
2017-08-17,33.48,33.83,34.09,33.22,11303,70003155.0,2.59,0.53,0.18,5.66
2017-08-18,33.43,33.54,33.99,33.16,6058,37393200.0,2.45,-0.86,-0.29,3.03
2017-08-21,33.33,33.87,34.02,33.33,7419,46047675.0,2.06,0.98,0.33,3.71
2017-08-22,33.74,33.37,34.87,33.37,11597,72829372.0,4.43,-1.48,-0.5,5.81
2017-08-23,32.05,31.12,32.15,30.55,18285,105191897.0,4.79,-6.74,-2.25,9.15
2017-08-24,31.07,30.6,31.2,30.43,7006,39766224.0,2.47,-1.67,-0.52,3.51
2017-08-25,30.35,30.84,31.08,30.23,9138,51666137.0,2.78,0.78,0.24,4.57
2017-08-28,31.12,32.37,32.43,31.06,14752,86212752.0,4.44,4.96,1.53,7.39
2017-08-29,32.52,32.38,33.04,31.5,17236,103252202.0,4.76,0.03,0.01,8.63
2017-08-30,32.1,32.21,33.15,31.93,12811,76541698.0,3.77,-0.53,-0.17,6.41
2017-08-31,32.08,34.41,34.52,31.89,27228,167331382.0,8.17,6.83,2.2,13.63
2017-09-01,34.2,35.18,35.9,34.14,29231,189983388.0,5.11,2.24,0.77,14.63
2017-09-04,35.73,34.92,36.45,34.2,17862,115198545.0,6.4,-0.74,-0.26,8.94
2017-09-05,34.57,35.17,35.49,34.23,11176,71936914.0,3.61,0.72,0.25,5.6
2017-09-06,34.8,35.23,35.43,34.33,8334,53485092.0,3.13,0.17,0.06,4.17
2017-09-07,35.61,35.38,36.42,35.07,12696,83648777.0,3.83,0.43,0.15,6.36
2017-09-08,35.09,34.85,35.61,34.66,9549,61540028.0,2.69,-1.5,-0.53,4.78
2017-09-11,34.85,36.28,36.42,34.8,14249,93707187.0,4.65,4.1,1.43,7.13
2017-09-12,36.33,36.23,38.06,35.9,19148,130928483.0,5.95,-0.14,-0.05,9.59
2017-09-13,35.9,39.4,39.63,35.9,22179,155688162.0,10.3,8.75,3.17,11.1
2017-09-14,39.27,41.21,42.16,38.49,25882,192277334.0,9.31,4.59,1.81,12.96
2017-09-15,41.25,39.94,41.29,38.84,14803,108614359.0,5.95,-3.08,-1.27,7.41
2017-09-18,39.54,40.62,40.79,39.2,8284,60887714.0,3.98,1.7,0.68,4.15
2017-09-19,40.62,40.02,42.66,40.02,17512,133222649.0,6.5,-1.48,-0.6,8.77
2017-09-20,39.74,42.12,42.47,39.2,20241,152915704.0,8.17,5.25,2.1,10.13
2017-09-21,41.89,41.46,43.4,40.77,14624,112729824.0,6.24,-1.57,-0.66,7.32
2017-09-22,41.76,42.0,42.49,41.16,8508,65584229.0,3.21,1.3,0.54,4.26
2017-09-25,41.45,40.95,42.35,40.89,8086,61831437.0,3.48,-2.5,-1.05,4.05
2017-09-26,40.29,40.17,41.45,38.72,11954,86977934.0,6.67,-1.9,-0.78,5.98
2017-09-27,39.74,40.29,40.4,39.74,4758,35030725.0,1.64,0.3,0.12,2.38
2017-09-28,39.86,40.01,40.57,39.3,6175,45182857.0,3.15,-0.69,-0.28,3.09
2017-09-29,40.02,40.95,42.18,39.91,9129,68820549.0,5.67,2.35,0.94,4.57
2017-10-09,41.67,40.51,41.67,39.93,9399,70426569.0,4.25,-1.07,-0.44,4.71
2017-10-10,40.4,41.72,41.91,40.02,9989,75022322.0,4.67,2.99,1.21,5.0
2017-10-11,41.39,40.57,41.66,40.17,10172,75755561.0,3.57,-2.76,-1.15,5.09
2017-10-12,40.58,42.13,42.41,40.3,11677,89163741.0,5.2,3.85,1.56,5.85
2017-10-13,42.15,42.03,43.03,41.46,8010,62292506.0,3.73,-0.24,-0.1,4.01
2017-10-16,42.12,42.49,44.13,42.12,14230,112598315.0,4.78,1.09,0.46,7.12
2017-10-17,42.85,44.65,44.65,42.32,14744,119154156.0,5.48,5.08,2.16,7.38
2017-10-18,44.63,43.61,44.94,43.36,9007,72885457.0,3.54,-2.33,-1.04,4.51
2017-10-19,43.4,43.18,43.98,42.28,8872,69873496.0,3.9,-0.99,-0.43,4.44
2017-10-20,43.21,42.31,43.81,42.31,7433,58530534.0,3.47,-2.01,-0.87,3.72
2017-10-23,41.94,42.93,43.51,41.67,7499,59007382.0,4.35,1.47,0.62,3.75
2017-10-24,42.55,41.16,42.88,40.65,12738,97208996.0,5.19,-4.12,-1.77,6.38
2017-10-25,41.38,42.16,42.38,40.96,5997,46232323.0,3.45,2.43,1.0,3.0
2017-10-26,42.16,43.06,43.22,41.4,10524,81583938.0,4.32,2.13,0.9,5.27
2017-10-27,43.02,43.0,43.32,42.44,5164,40632535.0,2.04,-0.14,-0.06,2.59
2017-10-30,42.77,43.57,45.77,42.7,31719,257367541.0,7.14,1.33,0.57,15.88
2017-10-31,43.1,44.58,44.67,41.98,15409,122429402.0,6.17,2.32,1.01,7.71
2017-11-01,43.9,47.77,48.74,43.9,25711,218952112.0,10.86,7.16,3.19,12.87
2017-11-02,47.16,47.0,47.33,46.06,14796,126620860.0,2.66,-1.61,-0.77,7.41
2017-11-03,46.89,46.9,47.55,46.35,10467,90227560.0,2.55,-0.21,-0.1,5.24
2017-11-06,47.44,48.15,48.41,46.23,10199,88587178.0,4.65,2.67,1.25,5.11
2017-11-07,47.99,46.33,47.99,46.07,14008,119974422.0,3.99,-3.78,-1.82,7.01
2017-11-08,46.14,45.24,46.87,45.02,15970,133778454.0,3.99,-2.35,-1.09,8.0
2017-11-09,45.03,45.3,45.49,44.87,9552,79227017.0,1.37,0.13,0.06,4.78
2017-11-10,45.3,45.37,46.61,45.3,9385,79039131.0,2.89,0.15,0.07,4.7
2017-11-13,45.41,46.41,46.41,44.85,14108,118445144.0,3.44,2.29,1.04,7.06
2017-11-14,46.2,44.72,46.89,44.03,12252,102237636.0,6.16,-3.64,-1.69,6.13
2017-11-15,44.26,41.98,44.66,41.46,22158,172492869.0,7.16,-6.13,-2.74,11.09
2017-11-16,41.94,40.75,42.16,40.61,9869,74812854.0,3.69,-2.93,-1.23,4.94
2017-11-17,40.57,39.09,43.3,38.67,12249,91273693.0,11.36,-4.07,-1.66,6.13
2017-11-20,39.74,39.94,40.02,38.88,9828,71044546.0,2.92,2.17,0.85,4.92
2017-11-21,39.84,38.37,39.88,37.66,14229,101063555.0,5.56,-3.93,-1.57,7.12
2017-11-22,38.1,37.99,38.91,37.27,10509,73138055.0,4.27,-0.99,-0.38,5.26
2017-11-23,37.98,37.27,38.36,36.73,8283,57415301.0,4.29,-1.9,-0.72,4.15
2017-11-24,36.51,37.99,38.37,36.51,6686,46250387.0,4.99,1.93,0.72,3.35
2017-11-27,37.66,36.72,37.99,36.56,4804,32959510.0,3.76,-3.34,-1.27,2.41
2017-11-28,36.72,37.71,37.82,36.32,4839,33211108.0,4.08,2.7,0.99,2.42
2017-11-29,37.68,37.88,37.97,36.72,4260,29304414.0,3.31,0.45,0.17,2.13
2017-11-30,38.01,38.23,38.91,37.3,6489,45576497.0,4.25,0.92,0.35,3.25
2017-12-01,38.1,38.37,38.73,37.94,4558,32109704.0,2.07,0.37,0.14,2.28
2017-12-04,38.1,35.63,38.1,34.93,13098,86984428.0,8.26,-7.14,-2.74,6.56
2017-12-05,35.61,33.4,36.0,32.38,11479,71309080.0,10.16,-6.26,-2.23,5.75
2017-12-06,33.37,34.2,34.24,32.72,7529,46572161.0,4.55,2.4,0.8,3.77
2017-12-07,34.18,34.05,34.43,33.81,3375,21202766.0,1.81,-0.44,-0.15,1.69
2017-12-08,34.24,35.22,35.94,33.92,6786,44016692.0,5.93,3.44,1.17,3.4
2017-12-11,35.22,35.28,35.62,35.15,4323,28099548.0,1.33,0.17,0.06,2.16
2017-12-12,35.41,34.58,35.41,34.4,3834,24610263.0,2.86,-1.98,-0.7,1.92
2017-12-13,34.61,34.8,35.12,34.52,3186,20407071.0,1.74,0.64,0.22,1.6
2017-12-14,34.8,34.65,35.07,34.53,2849,18189502.0,1.55,-0.43,-0.15,1.43
2017-12-15,34.65,33.82,34.78,32.8,7389,45580199.0,5.71,-2.4,-0.83,3.7
2017-12-18,33.79,32.93,33.98,32.77,3236,19769723.0,3.58,-2.63,-0.89,1.62
2017-12-19,33.32,32.84,33.59,32.38,7594,45867496.0,3.67,-0.27,-0.09,3.8
2017-12-20,32.9,31.66,33.0,31.39,6598,39086158.0,4.9,-3.59,-1.18,3.3
2017-12-21,31.83,33.45,33.48,31.44,11354,69027876.0,6.44,5.65,1.79,5.68
2017-12-22,32.99,32.88,33.49,32.6,5845,35674988.0,2.66,-1.7,-0.57,2.93
2017-12-25,32.66,32.22,32.95,31.67,6000,35394257.0,3.89,-2.01,-0.66,3.0
2017-12-26,32.46,33.14,33.54,31.71,11524,69649569.0,5.68,2.86,0.92,5.77
2017-12-27,33.15,31.94,33.16,31.82,9576,57209845.0,4.04,-3.62,-1.2,4.79
2017-12-28,31.6,31.91,32.52,31.04,7689,45080237.0,4.63,-0.09,-0.03,3.85
2017-12-29,31.92,32.52,32.84,31.78,5457,32599539.0,3.32,1.91,0.61,2.73
2018-01-02,32.88,32.68,32.93,32.33,8616,51843210.0,1.85,0.49,0.16,4.31
2018-01-03,32.88,32.7,33.29,32.6,9518,57758893.0,2.11,0.06,0.02,4.77
2018-01-04,32.8,32.9,33.41,32.68,7330,44598614.0,2.23,0.61,0.2,3.67
2018-01-05,32.65,32.16,32.93,32.13,6867,40939472.0,2.43,-2.25,-0.74,3.44
2018-01-08,32.16,31.97,32.27,31.24,5730,33325604.0,3.2,-0.59,-0.19,2.87
2018-01-09,32.12,35.21,35.21,32.11,16455,102375212.0,9.7,10.13,3.24,8.24
2018-01-10,35.22,34.72,36.55,34.26,22650,147899747.0,6.5,-1.39,-0.49,11.34
2018-01-11,34.77,34.4,35.24,33.72,12349,77646975.0,4.38,-0.92,-0.32,6.18
2018-01-12,34.2,33.12,34.34,33.12,8813,54526468.0,3.55,-3.72,-1.28,4.41
2018-01-15,32.85,31.35,33.09,31.29,15139,88573409.0,5.43,-5.34,-1.77,7.58
2018-01-16,31.23,32.55,32.69,31.06,10633,63117797.0,5.2,3.83,1.2,5.32
2018-01-17,32.77,32.49,32.77,31.56,5130,30474824.0,3.72,-0.18,-0.06,2.57
2018-01-18,32.49,33.55,34.22,32.33,7831,48145387.0,5.82,3.26,1.06,3.92
2018-01-19,33.23,34.25,34.25,32.78,10738,66720416.0,4.38,2.09,0.7,5.38
2018-01-22,33.98,35.35,35.7,33.71,13340,85701525.0,5.81,3.21,1.1,6.68
2018-01-23,35.35,37.47,37.9,35.08,16604,112410342.0,7.98,6.0,2.12,8.31
2018-01-24,37.0,37.0,38.04,36.85,13773,94344295.0,3.18,-1.25,-0.47,6.9
2018-01-25,36.77,37.55,38.34,36.77,10920,75514729.0,4.24,1.49,0.55,5.47
2018-01-26,37.36,37.15,38.1,37.0,7893,54205692.0,2.93,-1.07,-0.4,3.95
2018-01-29,37.2,37.0,37.68,35.68,9609,64974099.0,5.38,-0.4,-0.15,4.81
2018-01-30,37.27,35.9,37.59,35.76,8365,56623467.0,4.95,-2.97,-1.1,4.19
2018-01-31,35.94,36.77,37.33,35.41,10758,71748191.0,5.35,2.42,0.87,5.39
2018-02-01,36.45,33.19,36.73,33.07,13727,87981121.0,9.95,-9.74,-3.58,6.87
2018-02-02,32.79,34.06,34.11,31.94,12026,72933597.0,6.54,2.62,0.87,6.02
2018-02-05,33.43,33.48,33.85,32.7,5779,35158841.0,3.38,-1.7,-0.58,2.89
2018-02-06,32.6,31.5,32.6,30.52,7207,41734861.0,6.21,-5.91,-1.98,3.61
2018-02-07,32.26,30.9,32.33,29.92,5086,29113674.0,7.65,-1.9,-0.6,2.55
2018-02-08,30.84,31.07,31.67,30.34,3408,19511948.0,4.3,0.55,0.17,1.71
2018-02-09,30.4,28.17,30.4,27.93,8457,45058723.0,7.95,-9.33,-2.9,4.23
2018-02-12,28.3,30.84,31.02,28.3,10408,57967438.0,9.66,9.48,2.67,5.21
2018-02-13,31.14,32.13,32.6,30.98,6902,40789018.0,5.25,4.18,1.29,3.46
2018-02-14,32.48,32.41,32.98,31.55,3646,21772649.0,4.45,0.87,0.28,1.83
2018-02-22,32.59,33.51,33.7,32.33,3586,21733349.0,4.23,3.39,1.1,1.8
2018-02-23,33.48,34.42,34.57,32.77,5834,36042138.0,5.37,2.72,0.91,2.92
2018-02-26,34.41,37.41,37.82,33.62,11964,78075887.0,12.2,8.69,2.99,5.99
2018-02-27,37.16,37.86,38.1,36.51,12173,83639141.0,4.25,1.2,0.45,6.09
2018-02-28,37.27,36.61,37.27,35.82,7764,52204214.0,3.83,-3.3,-1.25,3.89
2018-03-01,36.26,36.9,37.27,35.9,4000,26962626.0,3.74,0.79,0.29,2.0
2018-03-02,36.45,36.44,36.88,35.9,4159,27872774.0,2.66,-1.25,-0.46,2.08
2018-03-05,36.45,36.91,37.26,36.16,12122,82441030.0,3.02,1.29,0.47,6.07
2018-03-06,37.28,36.88,37.52,36.73,14289,97940198.0,2.14,-0.08,-0.03,7.15
2018-03-07,36.66,35.87,37.16,35.43,9036,60163664.0,4.69,-2.74,-1.01,4.52
2018-03-08,35.42,36.01,36.44,35.42,10943,72320206.0,2.84,0.39,0.14,5.48
2018-03-09,35.96,35.82,36.24,35.82,21063,139417469.0,1.17,-0.53,-0.19,10.55
2018-03-12,36.27,36.1,37.63,35.83,35692,238907352.0,5.03,0.78,0.28,17.87
2018-03-13,36.05,35.38,36.45,35.35,17932,118672167.0,3.05,-1.99,-0.72,8.98
2018-03-14,35.22,35.06,35.61,34.8,11491,74230178.0,2.29,-0.9,-0.32,5.75
2018-03-15,34.8,33.33,34.8,32.88,16537,101632078.0,5.48,-4.93,-1.73,8.28
2018-03-16,33.42,33.27,33.69,33.21,8744,53868273.0,1.44,-0.18,-0.06,4.38
2018-03-19,33.15,33.95,34.03,33.15,5343,33049866.0,2.65,2.04,0.68,2.68
2018-03-20,33.87,33.54,33.87,32.93,4103,25154636.0,2.77,-1.21,-0.41,2.05
2018-03-21,33.34,33.59,34.39,33.17,5200,32461465.0,3.64,0.15,0.05,2.6
2018-03-22,33.7,33.26,33.87,32.85,6316,38525741.0,3.04,-0.98,-0.33,3.16
2018-03-23,31.12,30.84,32.01,29.89,12396,70117565.0,6.37,-7.28,-2.42,6.21
2018-03-26,30.28,32.03,32.03,29.75,7095,40727363.0,7.39,3.86,1.19,3.55
2018-03-27,32.2,33.15,33.81,32.2,10250,62465072.0,5.03,3.5,1.12,5.13
2018-03-28,30.23,31.78,32.6,30.23,12302,71448922.0,7.15,-4.13,-1.37,6.16
2018-03-29,30.95,31.68,31.99,30.95,5016,29002573.0,3.27,-0.31,-0.1,2.51
2018-03-30,31.67,31.72,32.54,31.28,6050,35645842.0,3.98,0.13,0.04,3.03
2018-04-02,31.51,33.24,33.26,31.51,10328,61417321.0,5.52,4.79,1.52,5.17
2018-04-03,32.72,32.92,33.15,32.33,5539,33385685.0,2.47,-0.96,-0.32,2.77
2018-04-04,32.46,32.71,33.37,32.46,3691,22329139.0,2.76,-0.64,-0.21,1.85
2018-04-09,31.94,33.02,33.04,31.93,6187,37062531.0,3.39,0.95,0.31,3.1
2018-04-10,33.01,33.5,33.9,32.33,12452,76000287.0,4.75,1.45,0.48,6.23
2018-04-11,34.24,33.5,34.24,32.88,9630,59329178.0,4.06,0.0,0.0,4.82
2018-04-12,33.05,32.27,33.37,32.07,6912,41433166.0,3.88,-3.67,-1.23,3.46
2018-04-13,32.21,32.0,32.59,31.39,6579,38578654.0,3.72,-0.84,-0.27,3.29
2018-04-16,31.83,30.68,31.83,30.33,10367,58882532.0,4.69,-4.13,-1.32,5.19
2018-04-17,30.68,31.06,31.37,30.45,5506,31376812.0,3.0,1.24,0.38,2.76
2018-04-18,31.3,31.01,31.49,29.3,8092,45536526.0,7.05,-0.16,-0.05,4.05
2018-04-19,30.5,30.73,31.0,30.4,5783,32576133.0,1.93,-0.9,-0.28,2.9
2018-04-20,30.62,30.38,30.71,29.42,7216,39919002.0,4.2,-1.14,-0.35,3.61
2018-04-23,29.62,29.69,30.38,28.76,8326,45009378.0,5.33,-2.27,-0.69,4.17
2018-04-24,29.3,30.1,30.34,29.3,6232,34468000.0,3.5,1.38,0.41,3.12
2018-04-25,30.02,29.45,30.27,29.14,7260,39698096.0,3.75,-2.16,-0.65,3.63
2018-04-26,29.44,28.51,29.79,28.44,8323,44236200.0,4.58,-3.19,-0.94,4.17
2018-04-27,28.51,29.25,29.51,28.51,7546,40663920.0,3.51,2.6,0.74,3.78
2018-05-02,29.58,30.29,30.5,29.33,9300,51355180.0,4.0,3.56,1.04,4.66
2018-05-03,29.85,31.05,31.36,29.8,11242,64106697.0,5.15,2.51,0.76,5.63
2018-05-04,31.18,31.22,31.27,30.68,7019,40076137.0,1.9,0.55,0.17,3.51
2018-05-07,31.51,31.2,31.82,30.95,5557,31930342.0,2.79,-0.06,-0.02,2.78
2018-05-08,31.2,30.55,31.37,30.3,7447,41933544.0,3.43,-2.08,-0.65,3.73
2018-05-09,30.55,30.71,30.79,30.44,4306,24285984.0,1.15,0.52,0.16,2.16
2018-05-10,30.71,30.28,30.95,29.96,7232,40420787.0,3.22,-1.4,-0.43,3.62
2018-05-11,29.93,29.86,30.27,29.8,5588,30843239.0,1.55,-1.39,-0.42,2.8
2018-05-14,29.86,29.26,30.16,29.2,5319,28807217.0,3.22,-2.01,-0.6,2.66
2018-05-15,28.93,29.13,29.22,28.59,9451,50257217.0,2.15,-0.44,-0.13,4.73
2018-05-16,28.87,29.01,29.09,28.69,3712,19761038.0,1.37,-0.41,-0.12,1.86
2018-05-17,29.01,30.96,31.95,28.78,14789,84004839.0,10.93,6.72,1.95,7.4
2018-05-18,30.56,30.83,31.15,29.92,9606,53639251.0,3.97,-0.42,-0.13,4.81
2018-05-21,30.35,31.15,31.39,30.34,8930,50938540.0,3.41,1.04,0.32,4.47
2018-05-22,31.15,31.54,31.78,30.68,10599,61341183.0,3.53,1.25,0.39,5.31
2018-05-23,31.34,31.86,32.02,31.27,9737,56793435.0,2.38,1.01,0.32,4.88
2018-05-24,31.28,31.12,31.78,30.84,7502,43223300.0,2.95,-2.32,-0.74,3.76
2018-05-25,31.23,31.46,31.67,30.79,6363,36765127.0,2.83,1.09,0.34,1.08
2018-05-28,31.45,31.15,32.05,30.95,9778,57006280.0,3.5,-0.99,-0.31,1.67
2018-05-29,31.23,30.34,31.5,30.22,8848,50515371.0,4.11,-2.6,-0.81,1.51
2018-05-30,30.34,29.94,30.74,29.31,7726,42831193.0,4.71,-1.32,-0.4,1.32
2018-05-31,29.97,29.9,30.4,29.51,5398,29727134.0,2.97,-0.13,-0.04,0.92
2018-06-01,29.58,29.2,30.0,28.99,6022,32608021.0,3.38,-2.34,-0.7,1.03
2018-06-04,29.3,29.05,29.52,29.03,5054,27176845.0,1.68,-0.51,-0.15,0.86
2018-06-05,29.05,30.02,30.05,29.05,7126,38857450.0,3.44,3.34,0.97,1.21
2018-06-06,30.02,29.48,30.1,29.42,8683,47362365.0,2.27,-1.8,-0.54,1.48
2018-06-07,29.54,29.25,29.85,28.96,5715,30942828.0,3.02,-0.78,-0.23,0.97
2018-06-08,28.48,28.82,29.38,28.48,4219,22387497.0,3.08,-1.47,-0.43,0.72
2018-06-11,28.76,28.59,29.09,28.56,4523,23991020.0,1.84,-0.8,-0.23,0.77
2018-06-12,28.22,28.31,28.54,27.68,9573,49406316.0,3.01,-0.98,-0.28,1.63
2018-06-13,28.21,28.04,28.81,27.95,6413,33421927.0,3.04,-0.95,-0.27,1.09
2018-06-14,27.93,27.21,28.02,26.95,9121,45973989.0,3.82,-2.96,-0.83,1.55
2018-06-15,27.19,27.21,27.49,26.95,3060,15358050.0,1.98,0.0,0.0,0.52
2018-06-19,26.53,26.17,27.99,25.95,10034,49289617.0,7.5,-3.82,-1.04,1.71
2018-06-20,26.34,26.41,26.66,25.09,5876,27885850.0,6.0,0.92,0.24,1.0
2018-06-21,26.15,25.05,26.6,24.85,5487,25600774.0,6.63,-5.15,-1.36,0.93
2018-06-22,25.06,25.13,25.5,24.77,3435,15873283.0,2.91,0.32,0.08,0.59
2018-06-25,25.23,24.69,25.4,24.66,7432,33868328.0,2.94,-1.75,-0.44,1.27
2018-06-26,23.91,23.98,24.25,23.18,6313,27451923.0,4.33,-2.88,-0.71,1.08
2018-06-27,23.99,23.5,24.09,23.24,4341,18910424.0,3.54,-2.0,-0.48,0.74
2018-06-28,23.5,23.38,23.82,23.15,3986,17227832.0,2.85,-0.51,-0.12,0.68
2018-06-29,23.5,24.3,24.3,23.23,6066,26652936.0,4.58,3.93,0.92,1.03
2018-07-02,23.95,22.79,24.3,21.93,9250,39763956.0,9.75,-6.21,-1.51,1.69
2018-07-03,22.78,23.54,23.61,22.57,8073,34474234.0,4.56,3.29,0.75,1.48
2018-07-04,23.53,23.3,24.13,23.3,5063,21960443.0,3.53,-1.02,-0.24,0.93
2018-07-05,23.14,23.03,23.62,22.95,4118,17670435.0,2.88,-1.16,-0.27,0.75
2018-07-06,23.03,23.15,23.59,22.91,4878,20844202.0,2.95,0.52,0.12,0.89
2018-07-09,23.17,23.78,24.0,23.15,3685,16045267.0,3.67,2.72,0.63,0.67
2018-07-10,23.79,23.67,23.87,23.43,5307,22998820.0,1.85,-0.46,-0.11,0.97
2018-07-11,23.43,22.74,23.43,22.44,5173,21640163.0,4.18,-3.93,-0.93,0.95
2018-07-12,22.73,23.7,23.86,22.73,7965,34458751.0,4.97,4.22,0.96,1.46
2018-07-13,23.43,23.48,23.9,23.33,4037,17504950.0,2.41,-0.93,-0.22,0.74
2018-07-16,23.59,24.36,24.52,23.47,7093,31360671.0,4.47,3.75,0.88,1.3
2018-07-17,23.96,23.92,24.52,23.59,6179,27125649.0,3.82,-1.81,-0.44,1.13
2018-07-18,23.92,24.11,24.8,23.92,7192,32256922.0,3.68,0.79,0.19,1.32
2018-07-19,24.11,25.68,26.5,24.11,17655,82439095.0,9.91,6.51,1.57,3.23
2018-07-20,25.58,26.05,26.09,25.2,9743,45803019.0,3.47,1.44,0.37,1.78
2018-07-23,25.6,26.72,27.82,24.52,18351,90751074.0,12.67,2.57,0.67,3.36
2018-07-24,26.28,27.22,27.49,26.17,10070,49818275.0,4.94,1.87,0.5,1.84
2018-07-25,27.0,26.75,27.25,26.62,4240,20898107.0,2.31,-1.73,-0.47,0.78
2018-07-26,26.75,26.38,27.38,26.02,4647,22429179.0,5.08,-1.38,-0.37,0.85
2018-07-27,26.17,25.9,26.28,25.85,2446,11666963.0,1.63,-1.82,-0.48,0.45
2018-07-30,25.45,25.57,26.23,24.96,4688,21838963.0,4.9,-1.27,-0.33,0.86
2018-07-31,25.62,25.17,25.62,24.96,2026,9367753.0,2.58,-1.56,-0.4,0.37
2018-08-01,25.18,25.1,25.45,24.98,3016,13898399.0,1.87,-0.28,-0.07,0.55
2018-08-02,25.1,25.17,25.22,23.26,4367,19591009.0,7.81,0.28,0.07,0.8
2018-08-03,24.54,24.84,25.07,24.35,1594,7250921.0,2.86,-1.31,-0.33,0.29
2018-08-06,24.52,24.69,25.29,24.34,1837,8331891.0,3.82,-0.6,-0.15,0.34
2018-08-07,25.02,25.38,25.4,24.36,3234,14867900.0,4.21,2.79,0.69,0.59
2018-08-08,25.34,26.34,26.43,25.08,8974,42664230.0,5.32,3.78,0.96,1.64
2018-08-09,26.06,27.38,27.99,25.63,9972,49593165.0,8.96,3.95,1.04,1.82
2018-08-10,27.22,28.04,28.09,27.22,13144,66946194.0,3.18,2.41,0.66,2.4
2018-08-13,27.41,27.88,28.73,27.3,8064,41882975.0,5.1,-0.57,-0.16,1.47
2018-08-14,27.82,27.62,28.15,27.55,3898,19883439.0,2.15,-0.93,-0.26,0.71
2018-08-15,28.0,26.99,28.0,26.45,7321,36382997.0,5.61,-2.28,-0.63,1.34
2018-08-16,27.05,26.04,27.59,25.9,6604,32413701.0,6.26,-3.52,-0.95,1.21
2018-08-17,26.03,24.47,26.36,23.99,11197,51832221.0,9.1,-6.03,-1.57,2.05
2018-08-20,23.86,24.6,25.13,23.86,6432,29044357.0,5.19,0.53,0.13,1.18
2018-08-21,25.09,24.61,25.09,24.26,7957,36126929.0,3.37,0.04,0.01,1.45
2018-08-22,24.87,25.19,25.95,24.56,5386,24859847.0,5.65,2.36,0.58,0.98
2018-08-23,25.07,24.36,25.17,24.25,6864,30850368.0,3.65,-3.29,-0.83,1.26
2018-08-24,24.35,23.95,24.4,23.95,2795,12355594.0,1.85,-1.68,-0.41,0.51
2018-08-27,23.87,24.25,24.39,23.84,5527,24602647.0,2.3,1.25,0.3,1.01
2018-08-28,24.25,24.54,24.66,24.14,4555,20468659.0,2.14,1.2,0.29,0.83
2018-08-29,24.54,24.27,24.6,24.08,2993,13353713.0,2.12,-1.1,-0.27,0.55
2018-08-30,24.12,23.8,24.44,23.8,3474,15303981.0,2.64,-1.94,-0.47,0.64
2018-08-31,23.54,23.78,24.17,23.54,1398,6119645.0,2.65,-0.08,-0.02,0.26
2018-09-03,23.81,22.37,24.13,22.07,6708,27842497.0,8.66,-5.93,-1.41,1.23
2018-09-04,22.32,22.14,22.81,21.55,6787,27593752.0,5.63,-1.03,-0.23,1.24
2018-09-05,22.04,21.4,22.44,21.23,4897,19581774.0,5.47,-3.34,-0.74,0.9
2018-09-06,21.4,21.21,21.7,21.09,3251,12746888.0,2.85,-0.89,-0.19,0.59
2018-09-07,21.12,20.68,21.7,20.57,5361,20721328.0,5.33,-2.5,-0.53,0.98
2018-09-10,20.68,19.85,20.91,19.5,5869,21524507.0,6.82,-4.01,-0.83,1.07
2018-09-11,19.87,20.1,20.28,19.7,3216,11794615.0,2.92,1.26,0.25,0.59
2018-09-12,20.2,19.83,20.33,19.65,3486,12805262.0,3.38,-1.34,-0.27,0.64
2018-09-13,19.88,20.11,20.11,19.76,2422,8894665.0,1.77,1.41,0.28,0.44
2018-09-14,20.11,19.25,20.32,19.23,4393,15848330.0,5.42,-4.28,-0.86,0.8
2018-09-17,19.22,18.59,19.22,18.55,3300,11442382.0,3.48,-3.43,-0.66,0.6
2018-09-18,18.66,20.02,20.44,18.6,9261,33601991.0,9.9,7.69,1.43,1.69
2018-09-19,20.02,19.96,20.09,19.44,5191,18883468.0,3.25,-0.3,-0.06,0.95
2018-09-20,19.91,19.52,19.91,19.51,2679,9699507.0,2.0,-2.2,-0.44,0.49
2018-09-21,19.52,20.68,21.02,19.52,9658,36028070.0,7.68,5.94,1.16,1.77
2018-09-25,20.17,21.15,21.23,20.13,8185,31383245.0,5.32,2.27,0.47,1.5
2018-09-26,20.96,20.91,21.15,20.74,4030,15505357.0,1.94,-1.13,-0.24,0.74
2018-09-27,21.06,20.61,21.07,19.77,5164,19320827.0,6.22,-1.43,-0.3,0.94
2018-09-28,20.13,20.68,20.94,19.67,5361,20047389.0,6.16,0.34,0.07,0.98
2018-10-08,20.11,19.58,20.38,19.28,3397,12480889.0,5.32,-5.32,-1.1,0.62
2018-10-09,19.69,19.77,20.18,19.36,4251,15382957.0,4.19,0.97,0.19,0.78
2018-10-10,19.88,19.58,19.95,18.82,5911,21166923.0,5.72,-0.96,-0.19,1.08
2018-10-11,19.18,18.37,19.18,17.94,4446,15099957.0,6.33,-6.18,-1.21,0.81
2018-10-12,17.77,17.55,18.21,16.51,11725,37408521.0,9.25,-4.46,-0.82,2.14
2018-10-15,17.27,16.17,17.27,15.9,14540,43773815.0,7.81,-7.86,-1.38,2.66
2018-10-16,16.13,15.13,16.13,15.06,9982,28565642.0,6.62,-6.43,-1.04,1.83
2018-10-17,15.3,15.3,15.68,14.83,7766,21908958.0,5.62,1.12,0.17,1.42
2018-10-18,15.24,14.63,15.27,14.5,7435,20300052.0,5.03,-4.38,-0.67,1.36
2018-10-19,14.1,15.18,15.31,14.09,7911,21797907.0,8.34,3.76,0.55,1.45
2018-10-22,15.15,15.6,15.91,15.15,8686,25088974.0,5.01,2.77,0.42,1.59
2018-10-23,15.29,15.53,15.62,14.2,12108,34008653.0,9.1,-0.45,-0.07,2.21
2018-10-24,15.33,14.71,15.52,14.55,10767,29537062.0,6.25,-5.28,-0.82,1.97
2018-10-25,14.36,13.98,14.36,13.22,17676,44361439.0,7.75,-4.96,-0.73,3.23
2018-10-26,13.93,14.24,14.47,13.82,9682,25278412.0,4.65,1.86,0.26,1.77
2018-10-29,14.27,14.92,15.35,14.27,13966,38255455.0,7.58,4.78,0.68,2.55
2018-10-30,14.45,14.85,15.0,14.17,10081,27152200.0,5.56,-0.47,-0.07,1.84
2018-10-31,14.85,15.28,15.34,14.69,9745,27123806.0,4.38,2.9,0.43,1.78
2018-11-01,15.39,15.18,15.45,15.07,5840,16443484.0,2.49,-0.65,-0.1,1.07
2018-11-02,15.73,15.51,15.73,15.23,8176,23334889.0,3.29,2.17,0.33,1.5
2018-11-05,15.55,15.53,16.01,14.27,5001,14193796.0,11.22,0.13,0.02,0.91
2018-11-06,15.8,16.39,16.74,15.35,12163,35861271.0,8.95,5.54,0.86,2.22
2018-11-07,16.83,16.24,16.83,16.01,9593,28895055.0,5.0,-0.92,-0.15,1.75
2018-11-08,16.28,16.01,16.28,15.76,5060,14911322.0,3.2,-1.42,-0.23,0.93
2018-11-09,16.04,15.83,16.07,15.73,4391,12828827.0,2.12,-1.12,-0.18,0.8
2018-11-12,15.87,16.39,16.39,15.39,4999,14868605.0,6.32,3.54,0.56,0.91
2018-11-13,16.5,17.53,17.53,16.23,8659,26963282.0,7.93,6.96,1.14,1.58
2018-11-14,17.49,17.22,17.49,17.11,6450,20498014.0,2.17,-1.77,-0.31,1.18
2018-11-15,17.07,18.51,18.58,17.07,17034,56809817.0,8.77,7.49,1.29,3.11
2018-11-16,18.81,18.39,18.84,18.21,11808,40325021.0,3.4,-0.65,-0.12,2.16
2018-11-19,17.82,17.41,17.82,17.18,14443,46261356.0,3.48,-5.33,-0.98,2.64
2018-11-20,17.38,17.26,17.5,17.04,5802,18408280.0,2.64,-0.86,-0.15,1.06
2018-11-21,17.11,17.38,17.38,16.58,7375,23137542.0,4.63,0.7,0.12,1.35
2018-11-22,17.16,17.92,19.0,17.16,12894,43133904.0,10.59,3.11,0.54,2.36
2018-11-23,17.74,17.29,18.37,17.27,8337,27170862.0,6.14,-3.52,-0.63,1.52
2018-11-26,17.58,17.78,18.21,17.22,6392,20616236.0,5.73,2.83,0.49,1.17
2018-11-27,18.15,17.49,18.15,16.95,5095,16231299.0,6.75,-1.63,-0.29,0.93
2018-11-28,17.46,17.27,17.46,16.84,6196,19517568.0,3.54,-1.26,-0.22,1.13
2018-11-29,17.31,16.56,17.35,16.45,4376,13661136.0,5.21,-4.11,-0.71,0.8
2018-11-30,16.45,17.11,17.12,16.29,4850,14920556.0,5.01,3.32,0.55,0.89
2018-12-03,17.66,18.54,18.59,17.29,11716,38437063.0,7.6,8.36,1.43,2.14
2018-12-04,18.29,19.28,19.78,17.96,21639,75271856.0,9.82,3.99,0.74,3.96
2018-12-05,18.75,18.68,18.92,18.49,7525,25829281.0,2.23,-3.11,-0.6,1.38
2018-12-06,18.95,18.21,18.95,17.85,5844,19615872.0,5.89,-2.52,-0.47,1.07
2018-12-07,18.01,18.05,18.39,17.72,3699,12296248.0,3.68,-0.88,-0.16,0.68
2018-12-10,18.05,17.73,18.05,17.39,1835,5991039.0,3.66,-1.77,-0.32,0.34
2018-12-11,17.8,18.54,18.62,17.74,6179,20882827.0,4.96,4.57,0.81,1.13
2018-12-12,18.54,18.43,18.96,18.25,3093,10563480.0,3.83,-0.59,-0.11,0.57
2018-12-13,18.43,18.66,18.87,18.43,5359,18430217.0,2.39,1.25,0.23,0.98
2018-12-14,18.46,17.93,18.65,17.61,6235,20634119.0,5.57,-3.91,-0.73,1.14
2018-12-17,17.12,17.88,18.04,16.6,2558,8381913.0,8.03,-0.28,-0.05,0.47
2018-12-18,18.05,17.71,18.05,17.3,3132,10210282.0,4.19,-0.95,-0.17,0.57
2018-12-19,17.63,16.91,17.63,16.62,4414,13806390.0,5.7,-4.52,-0.8,0.81
2018-12-20,16.91,17.11,17.37,16.84,3578,11273068.0,3.13,1.18,0.2,0.65
2018-12-21,16.93,17.05,17.49,16.63,4337,13655896.0,5.03,-0.35,-0.06,0.79
2018-12-24,17.43,17.6,17.74,17.26,6028,19492054.0,2.82,3.23,0.55,1.1
2018-12-25,17.5,17.38,17.5,16.87,5845,18497608.0,3.58,-1.25,-0.22,1.07
2018-12-26,17.4,16.94,17.44,16.89,4880,15505691.0,3.16,-2.53,-0.44,0.89
2018-12-27,17.16,16.89,17.46,16.84,5761,18253854.0,3.66,-0.3,-0.05,1.05
2018-12-28,16.88,17.36,17.82,16.35,8360,26359828.0,8.7,2.78,0.47,1.53
2019-01-02,17.93,17.36,17.93,17.2,4707,15087068.0,4.21,0.0,0.0,0.86
2019-01-03,17.14,16.56,17.45,16.06,8395,25709943.0,8.01,-4.61,-0.8,1.53
2019-01-04,16.27,16.57,17.05,15.74,8964,27268329.0,7.91,0.06,0.01,1.64
2019-01-07,16.65,16.91,17.07,16.43,5343,16540884.0,3.86,2.05,0.34,0.98
2019-01-08,16.91,17.11,17.38,16.65,6593,20798626.0,4.32,1.18,0.2,1.21
2019-01-09,17.37,17.13,17.41,17.01,4508,14334559.0,2.34,0.12,0.02,0.82
2019-01-10,17.1,16.96,17.17,16.9,2528,7929231.0,1.58,-0.99,-0.17,0.46
2019-01-11,16.87,16.66,17.19,16.56,5490,16905562.0,3.71,-1.77,-0.3,1.0
2019-01-14,16.71,16.52,16.72,16.34,3629,11094438.0,2.28,-0.84,-0.14,0.66
2019-01-15,16.43,16.66,16.67,16.26,3459,10490274.0,2.48,0.85,0.14,0.63
2019-01-16,16.56,16.71,16.87,16.55,3489,10745710.0,1.92,0.3,0.05,0.64
2019-01-17,16.65,16.28,16.7,16.06,4732,14192759.0,3.83,-2.57,-0.43,0.87
2019-01-18,16.31,16.8,16.85,15.94,5078,15410595.0,5.59,3.19,0.52,0.93
2019-01-21,16.75,18.5,18.5,16.48,35472,117813366.0,12.02,10.12,1.7,6.49
2019-01-22,18.5,18.57,18.81,17.69,20400,68586487.0,6.05,0.38,0.07,3.73
2019-01-23,18.48,18.1,18.68,17.99,10988,37057845.0,3.72,-2.53,-0.47,2.01
2019-01-24,17.98,18.37,18.73,17.98,10049,34170860.0,4.14,1.49,0.27,1.84
2019-01-25,18.12,19.36,20.23,18.12,22664,81191547.0,11.49,5.39,0.99,4.14
2019-01-28,19.59,19.69,21.22,19.55,20600,76367537.0,8.63,1.7,0.33,3.77
2019-01-29,19.64,19.05,20.17,18.81,15203,54108189.0,6.91,-3.25,-0.64,2.78
2019-01-30,19.12,18.79,19.63,18.73,12307,43564865.0,4.72,-1.36,-0.26,2.25
2019-01-31,19.06,19.57,20.34,19.03,16550,59957871.0,6.97,4.15,0.78,3.03
2019-02-01,19.59,20.08,20.68,19.36,12770,47171915.0,6.75,2.61,0.51,2.33
2019-02-11,20.07,22.11,22.11,19.7,24377,94745062.0,12.0,10.11,2.03,4.46
2019-02-12,21.77,22.71,24.11,21.66,36316,152458245.0,11.08,2.71,0.6,6.64
2019-02-13,22.99,23.23,24.25,22.38,31618,135463227.0,8.23,2.29,0.52,5.78
2019-02-14,23.41,22.85,23.7,22.34,21545,90054588.0,5.85,-1.64,-0.38,3.94
2019-02-15,22.8,22.33,22.85,22.24,20911,86321754.0,2.67,-2.28,-0.52,3.82
2019-02-18,22.63,23.21,23.7,21.99,23189,97371266.0,7.66,3.94,0.88,4.24
2019-02-19,23.24,22.56,23.24,22.24,16675,69434417.0,4.31,-2.8,-0.65,3.05
2019-02-20,22.68,23.21,23.43,22.34,14925,62825091.0,4.83,2.88,0.65,2.73
2019-02-21,23.11,23.26,24.36,22.5,21523,93283157.0,8.01,0.22,0.05,3.94
2019-02-22,23.17,23.65,24.33,22.6,16032,69571574.0,7.44,1.68,0.39,2.93
2019-02-25,24.28,26.03,26.03,23.7,22879,106570599.0,9.85,10.06,2.38,4.18
2019-02-26,26.72,25.39,26.72,25.29,15648,75170586.0,5.49,-2.46,-0.64,2.86
2019-02-27,24.99,24.29,25.46,23.48,23154,103720395.0,7.8,-4.33,-1.1,4.23
2019-02-28,24.28,26.07,26.7,23.87,22015,103102479.0,11.65,7.33,1.78,4.02
2019-03-01,26.2,26.67,26.72,25.35,10947,52282542.0,5.26,2.3,0.6,2.0
2019-03-04,27.43,26.14,27.43,25.63,19403,93859782.0,6.75,-1.99,-0.53,3.55
2019-03-05,26.09,25.98,26.09,24.85,23799,110811991.0,4.74,-0.61,-0.16,4.35
2019-03-06,25.57,25.71,26.09,25.29,17183,80673834.0,3.08,-1.04,-0.27,3.14
2019-03-07,25.75,25.07,25.9,24.54,20927,96541439.0,5.29,-2.49,-0.64,3.83
2019-03-08,24.54,24.66,25.62,24.25,16930,77700219.0,5.46,-1.64,-0.41,3.1
2019-03-11,24.96,26.62,26.8,24.94,27331,129677986.0,7.54,7.95,1.96,5.0
2019-03-12,29.29,29.3,29.3,27.83,54211,287259392.0,5.52,10.07,2.68,9.91
2019-03-13,30.1,28.38,30.1,27.38,39648,209668084.0,9.28,-3.14,-0.92,7.25
2019-03-14,27.85,27.83,28.65,26.81,16744,84323160.0,6.48,-1.94,-0.55,3.06
2019-03-15,28.1,27.56,28.98,26.76,17667,91284621.0,7.98,-0.97,-0.27,3.23
2019-03-18,27.36,27.11,28.37,26.18,22649,111856946.0,7.95,-1.63,-0.45,4.14
2019-03-19,26.75,27.24,27.63,26.33,14874,73473031.0,4.8,0.48,0.13,2.72
2019-03-20,26.78,26.13,27.22,25.52,26823,128985290.0,6.24,-4.07,-1.11,4.9
2019-03-21,26.41,26.09,26.61,25.84,12073,58124122.0,2.95,-0.15,-0.04,2.21
2019-03-22,26.17,25.61,26.37,25.24,15812,74370705.0,4.33,-1.84,-0.48,2.89
2019-03-25,25.15,25.73,26.37,25.15,19084,91123957.0,4.76,0.47,0.12,3.49
2019-03-26,26.18,26.12,26.35,24.23,23695,110088062.0,8.24,1.52,0.39,4.33
2019-03-27,25.9,24.67,25.9,24.59,14457,66499342.0,5.02,-5.55,-1.45,2.64
2019-03-28,23.41,23.76,24.48,22.27,24646,105858092.0,8.96,-3.69,-0.91,4.51
2019-03-29,23.64,24.31,24.5,23.49,11328,50394844.0,4.25,2.31,0.55,2.07
2019-04-01,24.39,23.73,24.98,23.63,25026,111045625.0,5.55,-2.39,-0.58,4.58
2019-04-02,24.02,24.07,24.52,23.8,21334,94664387.0,3.03,1.43,0.34,3.9
2019-04-03,24.43,23.76,24.43,23.47,17979,78587544.0,3.99,-1.29,-0.31,3.29
2019-04-04,24.02,23.62,24.07,23.43,18597,81060552.0,2.69,-0.59,-0.14,3.4
2019-04-08,23.64,22.92,23.83,22.87,17570,74746565.0,4.06,-2.96,-0.7,3.21
2019-04-09,23.04,23.28,23.43,22.82,15534,66245663.0,2.66,1.57,0.36,2.84
2019-04-10,23.32,24.07,24.31,23.11,23828,104392941.0,5.15,3.39,0.79,4.36
2019-04-11,23.92,23.37,23.98,23.32,10181,44053457.0,2.74,-2.91,-0.7,1.86
2019-04-12,23.37,23.54,23.93,23.1,11746,50742108.0,3.55,0.73,0.17,2.15
2019-04-15,23.7,23.26,24.01,23.2,10786,46684710.0,3.44,-1.19,-0.28,1.97
2019-04-16,22.88,22.85,23.02,21.85,15280,63004721.0,5.03,-1.76,-0.41,2.79
2019-04-17,22.85,23.1,23.3,22.52,15607,65698983.0,3.41,1.09,0.25,2.85
2019-04-18,23.15,22.59,23.15,22.59,8215,34315870.0,2.42,-2.21,-0.51,1.5
2019-04-19,23.07,23.62,23.8,22.81,23577,101534688.0,4.38,4.56,1.03,4.31
2019-04-22,24.21,23.32,24.24,23.32,10372,44988784.0,3.9,-1.27,-0.3,1.9
2019-04-23,23.35,22.84,23.52,22.68,8541,35923980.0,3.6,-2.06,-0.48,1.56
2019-04-24,22.85,23.4,23.52,22.65,9282,39464486.0,3.81,2.45,0.56,1.7
2019-04-25,23.32,22.39,23.41,22.33,8268,34719980.0,4.62,-4.32,-1.01,1.51
2019-04-26,22.11,21.22,22.67,20.4,15465,61917073.0,10.14,-5.23,-1.17,2.83
2019-04-29,21.11,20.38,21.33,20.25,14035,53470666.0,5.09,-3.96,-0.84,2.57
2019-04-30,20.34,20.78,21.02,20.34,9390,35957402.0,3.34,1.96,0.4,1.72
2019-05-06,20.02,19.58,20.55,19.3,12624,46186665.0,6.02,-5.77,-1.2,2.31
2019-05-07,20.13,20.16,20.65,19.78,10196,37904919.0,4.44,2.96,0.58,1.86
2019-05-08,20.24,20.88,21.48,19.78,11759,44815757.0,8.43,3.57,0.72,2.15
2019-05-09,20.68,21.06,21.91,20.59,10180,39876308.0,6.32,0.86,0.18,1.86
2019-05-10,21.22,21.68,21.87,20.9,10335,40934542.0,4.61,2.94,0.62,1.89
2019-05-13,21.45,21.17,21.5,21.05,6624,25840564.0,2.08,-2.35,-0.51,1.21
2019-05-14,20.95,20.68,22.05,20.68,6001,23363192.0,6.47,-2.31,-0.49,1.1
2019-05-15,21.11,21.06,21.39,20.9,5856,22697674.0,2.37,1.84,0.38,1.07
2019-05-16,21.06,21.04,21.3,20.84,4900,18973559.0,2.18,-0.09,-0.02,0.9
2019-05-17,21.04,20.18,21.26,20.16,7038,26668443.0,5.23,-4.09,-0.86,1.29
2019-05-20,20.4,19.62,20.46,19.04,7932,28482883.0,7.04,-2.78,-0.56,1.45
2019-05-21,19.62,19.76,20.02,19.56,7798,28333414.0,2.34,0.71,0.14,1.43
2019-05-22,19.64,19.66,20.23,19.6,4898,17893744.0,3.19,-0.51,-0.1,0.9
2019-05-23,19.67,19.1,20.02,18.95,8290,29218044.0,5.44,-2.85,-0.56,1.52
2019-05-24,19.03,18.56,19.35,18.37,8081,27930490.0,5.13,-2.83,-0.54,1.48
2019-05-27,18.63,19.3,19.3,18.57,9224,32350161.0,3.93,3.99,0.74,1.69
2019-05-28,19.41,19.2,19.95,19.14,8681,31212883.0,4.2,-0.52,-0.1,1.59
2019-05-29,19.38,19.59,19.84,19.15,9409,33976976.0,3.59,2.03,0.39,1.72
2019-05-30,19.96,19.32,19.96,18.79,7456,26405705.0,5.97,-1.38,-0.27,1.36
2019-05-31,19.2,19.06,19.62,19.01,5763,20437691.0,3.16,-1.35,-0.26,1.05
2019-06-03,19.06,18.12,19.15,18.1,10831,36710738.0,5.51,-4.93,-0.94,1.98
2019-06-04,18.45,18.21,18.46,17.78,8709,29280897.0,3.75,0.5,0.09,1.59
2019-06-05,18.3,18.21,18.64,18.06,6679,22616752.0,3.19,0.0,0.0,1.22
2019-06-06,18.3,17.71,18.44,17.5,6604,21780426.0,5.16,-2.75,-0.5,1.21
2019-06-10,17.96,17.98,18.1,17.56,3875,12796436.0,3.05,1.52,0.27,0.71
2019-06-11,18.17,18.79,19.09,17.82,8183,27870677.0,7.06,4.51,0.81,1.5
2019-06-12,18.76,18.44,18.77,18.37,6284,21486874.0,2.13,-1.86,-0.35,1.15
2019-06-13,18.37,18.34,18.81,18.21,5603,18993924.0,3.25,-0.54,-0.1,1.02
2019-06-14,18.47,17.56,18.47,17.54,8561,28310937.0,5.07,-4.25,-0.78,1.57
2019-06-17,17.74,18.22,18.37,17.65,10392,34541084.0,4.1,3.76,0.66,1.9
2019-06-18,18.37,17.58,18.64,17.4,13318,43885996.0,6.81,-3.51,-0.64,2.43
2019-06-19,17.96,19.14,19.2,17.95,21992,75770809.0,7.11,8.87,1.56,4.02
2019-06-20,18.91,18.85,19.17,18.59,15543,53790641.0,3.03,-1.52,-0.29,2.84
2019-06-21,19.2,19.36,19.57,18.87,13258,46862771.0,3.71,2.71,0.51,2.42
2019-06-24,19.25,19.06,19.83,18.93,10442,37034156.0,4.65,-1.55,-0.3,1.91
2019-06-25,19.06,18.75,19.44,18.27,10248,26913657.0,6.14,-1.63,-0.31,1.44
2019-06-26,18.7,18.73,18.87,18.43,6933,18239225.0,2.35,-0.11,-0.02,0.98
2019-06-27,18.62,18.98,19.07,18.62,9140,24416665.0,2.4,1.33,0.25,1.29
2019-06-28,19.0,18.85,19.0,18.14,6930,18276437.0,4.53,-0.68,-0.13,0.97
2019-07-01,19.24,20.0,20.75,19.04,25610,71731452.0,9.07,6.1,1.15,3.63
2019-07-02,20.01,19.82,20.22,19.48,16961,47473360.0,3.7,-0.9,-0.18,2.4
2019-07-03,19.78,19.82,19.97,19.39,9194,25534598.0,2.93,0.0,0.0,1.3
2019-07-04,20.16,19.32,20.18,19.13,8823,24379745.0,5.3,-2.52,-0.5,1.25
2019-07-05,19.14,19.21,19.44,19.14,5231,14247156.0,1.55,-0.57,-0.11,0.74
2019-07-08,19.14,18.61,19.14,18.08,12781,33478160.0,5.52,-3.12,-0.6,1.81
2019-07-09,18.71,18.31,19.02,18.08,9265,24128880.0,5.05,-1.61,-0.3,1.31
2019-07-10,18.25,18.28,18.59,18.1,6290,16292277.0,2.68,-0.16,-0.03,0.89
2019-07-11,18.32,18.05,18.52,17.89,5832,15064461.0,3.45,-1.26,-0.23,0.83
2019-07-12,18.07,18.18,18.57,18.07,8899,23033919.0,2.77,0.72,0.13,1.26
2019-07-15,18.05,18.54,18.54,17.51,12009,30545778.0,5.67,1.98,0.36,1.7
2019-07-16,18.66,18.32,18.66,18.28,6461,16800548.0,2.05,-1.19,-0.22,0.92
2019-07-17,18.32,20.17,20.17,18.26,21751,60620035.0,10.43,10.1,1.85,3.08
2019-07-18,19.88,19.75,21.14,19.37,43725,123474791.0,8.78,-2.08,-0.42,6.2
2019-07-19,19.73,19.31,20.16,19.24,16450,45528324.0,4.66,-2.23,-0.44,2.33
2019-07-22,19.5,18.89,19.5,18.18,14524,38832316.0,6.84,-2.18,-0.42,2.06
2019-07-23,19.11,19.56,20.24,19.04,17407,48101916.0,6.35,3.55,0.67,2.47
2019-07-24,19.31,20.05,20.09,19.21,24796,69458970.0,4.5,2.51,0.49,3.52
2019-07-25,19.83,20.07,20.24,19.64,18569,52462204.0,2.99,0.1,0.02,2.63
2019-07-26,20.07,19.8,20.07,19.7,12602,35290534.0,1.84,-1.35,-0.27,1.79
2019-07-29,19.97,19.81,20.04,18.04,12832,35785595.0,10.1,0.05,0.01,1.82
2019-07-30,19.76,20.02,20.81,19.68,21815,62265834.0,5.7,1.06,0.21,3.09
2019-07-31,19.86,19.41,20.01,19.34,13454,37274888.0,3.35,-3.05,-0.61,1.91
2019-08-01,19.25,20.11,20.29,19.25,26698,75453334.0,5.36,3.61,0.7,3.79
2019-08-02,19.44,21.38,21.39,19.35,42267,122909166.0,10.14,6.32,1.27,5.99
2019-08-05,21.29,21.32,22.01,20.9,32611,99075094.0,5.19,-0.28,-0.06,4.62
2019-08-06,20.86,20.64,21.16,20.42,25227,74001561.0,3.47,-3.19,-0.68,3.58
2019-08-07,21.11,20.11,21.19,20.04,21829,63191007.0,5.57,-2.57,-0.53,3.09
2019-08-08,20.14,19.62,20.37,19.21,24600,69000585.0,5.77,-2.44,-0.49,3.49
2019-08-09,19.86,18.88,20.01,18.86,21118,57984655.0,5.86,-3.77,-0.74,2.99
2019-08-12,19.07,19.26,19.36,18.63,17085,45909121.0,3.87,2.01,0.38,2.42
2019-08-13,19.05,19.04,19.45,18.64,15094,40463157.0,4.21,-1.14,-0.22,2.14
2019-08-14,19.46,19.11,19.53,19.01,16623,45336914.0,2.73,0.37,0.07,2.36
2019-08-15,18.55,19.18,19.35,18.53,13044,34873997.0,4.29,0.37,0.07,1.85
2019-08-16,19.27,19.25,19.44,18.94,13562,36870566.0,2.61,0.36,0.07,1.92
2019-08-19,19.56,20.45,20.95,19.56,31729,90301199.0,7.22,6.23,1.2,4.5
2019-08-20,21.04,20.64,21.38,20.61,36799,108870018.0,3.77,0.93,0.19,5.22
2019-08-21,20.54,21.46,22.07,20.34,47256,141746812.0,8.38,3.97,0.82,6.7
2019-08-22,21.41,21.22,21.86,21.01,30412,91718417.0,3.96,-1.12,-0.24,4.31
2019-08-23,21.24,20.32,21.55,20.25,36024,105280921.0,6.13,-4.24,-0.9,5.11
2019-08-26,19.97,21.56,22.37,19.97,66751,202674102.0,11.81,6.1,1.24,9.46
2019-08-27,21.42,21.13,21.78,21.02,46977,141667537.0,3.53,-1.99,-0.43,6.66
2019-08-28,20.86,22.11,22.59,20.86,51336,158767422.0,8.19,4.64,0.98,7.28
2019-08-29,22.54,23.17,23.45,22.19,44495,144054272.0,5.7,4.79,1.06,6.31
2019-08-30,22.93,22.87,24.02,22.48,42105,138549648.0,6.65,-1.29,-0.3,5.97
2019-09-02,23.18,23.26,23.53,22.7,25705,83988085.0,3.63,1.71,0.39,3.64
2019-09-03,23.29,23.69,23.74,23.11,25097,83000450.0,2.71,1.85,0.43,3.56
2019-09-04,23.69,23.83,24.25,23.59,23797,80103883.0,2.79,0.59,0.14,3.37
2019-09-05,24.1,24.18,25.18,23.79,40418,139322353.0,5.83,1.47,0.35,5.73
2019-09-06,24.28,26.04,26.11,24.28,42291,151081598.0,7.57,7.69,1.86,6.0
2019-09-09,26.11,28.54,28.66,26.11,51290,200635297.0,9.79,9.6,2.5,7.27
2019-09-10,28.83,28.82,29.68,27.38,52580,209535725.0,8.06,0.98,0.28,7.45
2019-09-11,28.82,29.18,29.96,27.96,39059,159239432.0,6.94,1.25,0.36,5.54
2019-09-12,29.11,31.68,31.79,29.11,50841,222404315.0,9.18,8.57,2.5,7.21
2019-09-16,31.68,30.51,31.91,29.86,44352,192597424.0,6.47,-3.69,-1.17,6.29
2019-09-17,30.61,29.04,30.61,28.89,33085,137456050.0,5.64,-4.82,-1.47,4.69
2019-09-18,29.19,29.57,30.44,28.48,32647,135729374.0,6.75,1.83,0.53,4.63
2019-09-19,29.54,30.75,31.09,29.54,29687,126817836.0,5.24,3.99,1.18,4.21
2019-09-20,31.35,33.64,33.84,30.39,50832,232878848.0,11.22,9.4,2.89,7.21
2019-09-23,33.54,34.16,35.57,33.15,41928,202918700.0,7.19,1.55,0.52,5.94
2019-09-24,34.16,34.33,35.14,33.82,32560,157595136.0,3.86,0.5,0.17,4.62
2019-09-25,34.57,32.5,34.57,32.46,32496,151262675.0,6.15,-5.33,-1.83,4.61
2019-09-26,32.64,31.14,33.3,30.58,36656,162927520.0,8.37,-4.18,-1.36,5.2
2019-09-27,31.65,32.29,33.09,31.15,32933,148799186.0,6.23,3.69,1.15,4.67
2019-09-30,32.29,30.89,32.36,30.14,18977,82896670.0,6.88,-4.34,-1.4,2.69
2019-10-08,31.33,30.39,31.44,29.25,17187,73443952.0,7.09,-1.62,-0.5,2.44
2019-10-09,30.21,30.31,30.55,29.38,16958,71613334.0,3.85,-0.26,-0.08,2.4
2019-10-10,30.36,29.98,30.74,29.32,24230,101984704.0,4.68,-1.09,-0.33,3.44
2019-10-11,30.01,31.66,32.99,29.82,39819,177668961.0,10.57,5.6,1.68,5.65
2019-10-14,32.44,32.05,32.64,31.59,20287,91758661.0,3.32,1.23,0.39,2.88
2019-10-15,32.17,33.09,33.91,31.91,21421,98993613.0,6.24,3.24,1.04,3.04
2019-10-16,32.76,32.14,33.15,31.26,21043,95646931.0,5.71,-2.87,-0.95,2.98
2019-10-17,32.23,33.25,34.68,32.19,36647,172360097.0,7.75,3.45,1.11,5.2
2019-10-18,33.01,32.21,33.96,31.73,27137,125419762.0,6.71,-3.13,-1.04,3.85
2019-10-21,31.7,29.97,32.96,29.83,25035,108318042.0,9.72,-6.95,-2.24,3.55
2019-10-22,30.79,32.71,32.89,30.4,50398,228736255.0,8.31,9.14,2.74,7.15
2019-10-23,32.95,32.45,33.74,32.11,29893,138069380.0,4.98,-0.79,-0.26,4.24
2019-10-24,32.48,31.75,33.32,31.39,20978,94629959.0,5.95,-2.16,-0.7,2.97
2019-10-25,32.01,31.99,32.31,31.28,16847,75578098.0,3.24,0.76,0.24,2.39
2019-10-28,32.11,31.86,33.39,30.71,25002,111839208.0,8.38,-0.41,-0.13,3.54
2019-10-29,31.86,30.66,31.96,30.46,21418,93171361.0,4.71,-3.77,-1.2,3.04
2019-10-30,30.96,30.48,31.11,30.04,14714,63417323.0,3.49,-0.59,-0.18,2.09
2019-10-31,30.89,30.25,31.01,29.98,16372,70322148.0,3.38,-0.75,-0.23,2.32
2019-11-01,30.32,31.7,31.81,29.59,26600,116084316.0,7.34,4.79,1.45,3.77
2019-11-04,31.21,30.19,31.38,29.59,46476,196936862.0,5.65,-4.76,-1.51,6.59
2019-11-05,30.46,28.04,30.46,27.31,69725,279304304.0,10.43,-7.12,-2.15,9.89
2019-11-06,27.74,28.43,29.32,27.74,30858,124696945.0,5.63,1.39,0.39,4.37
2019-11-07,27.82,28.11,28.91,27.82,20659,82392443.0,3.83,-1.13,-0.32,2.93
2019-11-08,28.39,28.29,29.09,28.2,21518,86673020.0,3.17,0.64,0.18,3.05
2019-11-11,28.23,28.36,28.89,27.57,26039,104024024.0,4.67,0.25,0.07,3.69
2019-11-12,28.36,28.68,28.88,27.45,22865,90607918.0,5.04,1.13,0.32,3.24
2019-11-13,28.22,30.34,30.37,28.21,33149,138324716.0,7.53,5.79,1.66,4.7
2019-11-14,30.04,31.21,31.79,29.63,30521,132880268.0,7.12,2.87,0.87,4.33
2019-11-15,31.18,31.18,32.29,30.84,17221,75667920.0,4.65,-0.1,-0.03,2.44
2019-11-18,31.6,32.43,32.86,31.04,32203,146203094.0,5.84,4.01,1.25,4.57
2019-11-19,31.98,32.04,32.31,31.5,19107,85435269.0,2.5,-1.2,-0.39,2.71
2019-11-20,31.83,31.04,31.96,30.54,25248,110179412.0,4.43,-3.12,-1.0,3.58
2019-11-21,31.14,31.14,31.56,30.71,17662,77416725.0,2.74,0.32,0.1,2.5
2019-11-22,31.36,30.38,31.36,29.68,24993,106769584.0,5.39,-2.44,-0.76,3.54
2019-11-25,30.37,28.75,30.37,28.29,24613,100155900.0,6.85,-5.37,-1.63,3.49
2019-11-26,28.94,28.95,29.74,28.56,13650,56103281.0,4.1,0.7,0.2,1.94
2019-11-27,28.89,29.36,29.96,28.71,14954,62045218.0,4.32,1.42,0.41,2.12
2019-11-28,29.52,29.11,30.02,28.46,11097,45748980.0,5.31,-0.85,-0.25,1.57
2019-11-29,29.11,29.34,29.75,28.9,10709,44353932.0,2.92,0.79,0.23,1.52
2019-12-02,29.82,29.34,29.82,28.55,16447,67299623.0,4.33,0.0,0.0,2.33
2019-12-03,29.22,30.06,30.08,28.86,15142,63205872.0,4.16,2.45,0.72,2.15
2019-12-04,29.89,30.09,30.31,29.54,14295,60214992.0,2.56,0.1,0.03,2.03
2019-12-05,29.75,31.18,31.34,29.75,19794,85991550.0,5.28,3.62,1.09,2.81
2019-12-06,31.24,31.34,31.45,30.79,13956,61300648.0,2.12,0.51,0.16,1.98
2019-12-09,31.36,31.6,32.2,31.06,18372,81806138.0,3.64,0.83,0.26,2.6
2019-12-10,31.39,31.48,31.82,30.9,17220,76317536.0,2.91,-0.38,-0.12,2.44
2019-12-11,31.43,31.61,32.11,31.16,17755,79042332.0,3.02,0.41,0.13,2.52
2019-12-12,31.66,31.32,31.96,31.26,18360,81743692.0,2.21,-0.92,-0.29,2.6
2019-12-13,31.36,32.57,32.85,31.08,38471,174426748.0,5.65,3.99,1.25,5.45
2019-12-16,32.64,34.96,35.46,32.32,50983,244857242.0,9.64,7.34,2.39,7.23
2019-12-17,35.21,36.25,37.39,35.18,43037,219532726.0,6.32,3.69,1.29,6.1
2019-12-18,36.09,35.71,36.64,35.53,37104,187545104.0,3.06,-1.49,-0.54,5.26
2019-12-19,35.39,35.41,36.01,34.68,24158,119636289.0,3.72,-0.84,-0.3,3.42
2019-12-20,35.63,35.26,37.14,34.86,39539,198734296.0,6.44,-0.42,-0.15,5.61
2019-12-23,35.29,35.11,37.14,34.82,42087,212970778.0,6.58,-0.43,-0.15,5.97
2019-12-24,34.94,35.5,36.14,34.54,30524,151513705.0,4.56,1.11,0.39,4.33
2019-12-25,36.25,36.94,37.54,35.75,51201,263967934.0,5.04,4.06,1.44,7.26
2019-12-26,36.86,38.82,40.18,36.86,52387,284625440.0,8.99,5.09,1.88,7.43
2019-12-27,38.55,36.04,38.99,36.04,54291,284618512.0,7.6,-7.16,-2.78,7.7
2019-12-30,35.54,35.29,36.04,33.96,42412,208276413.0,5.77,-2.08,-0.75,6.01
2019-12-31,35.39,34.68,35.74,34.41,23855,117244630.0,3.77,-1.73,-0.61,3.38
2020-01-02,34.89,35.4,35.94,34.39,27338,135617692.0,4.47,2.08,0.72,3.88
2020-01-03,35.36,35.18,35.91,34.81,19671,97442417.0,3.11,-0.62,-0.22,2.79
2020-01-06,34.81,35.2,35.89,34.25,29354,144937459.0,4.66,0.06,0.02,4.16
2020-01-07,35.18,36.11,36.61,34.96,32244,162703989.0,4.69,2.59,0.91,4.57
2020-01-08,36.11,36.74,37.82,35.77,48717,252755951.0,5.68,1.74,0.63,6.91
2020-01-09,37.44,36.81,38.21,36.36,40548,212590360.0,5.04,0.19,0.07,5.75
2020-01-10,36.85,36.25,37.24,35.98,24414,124881889.0,3.42,-1.52,-0.56,3.46
2020-01-13,36.25,37.54,37.87,35.81,34697,180413052.0,5.68,3.56,1.29,4.92
2020-01-14,38.17,36.75,38.18,36.75,24229,126525927.0,3.81,-2.1,-0.79,3.43
2020-01-15,37.11,36.89,37.49,36.39,20559,107034500.0,2.99,0.38,0.14,2.91
2020-01-16,37.16,37.12,37.62,36.39,18415,96093950.0,3.33,0.62,0.23,2.61
2020-01-17,37.12,36.86,37.39,36.61,19061,99325379.0,2.1,-0.7,-0.26,2.7
2020-01-20,36.82,38.94,39.0,36.14,44020,235012899.0,7.76,5.64,2.08,6.24
2020-01-21,38.56,40.22,40.53,38.19,41277,227352800.0,6.01,3.29,1.28,5.85
2020-01-22,39.61,38.64,39.64,36.96,42399,227579216.0,6.66,-3.93,-1.58,6.01
2020-01-23,37.81,35.36,38.48,34.83,41723,214302274.0,9.45,-8.49,-3.28,5.92
2020-02-03,31.81,31.81,31.87,31.81,11781,52757391.0,0.17,-10.04,-3.55,1.67
2020-02-04,29.82,32.54,33.14,29.82,44795,203022729.0,10.44,2.29,0.73,6.35
2020-02-05,33.12,35.54,35.81,33.04,45308,221040678.0,8.51,9.22,3.0,6.42
2020-02-06,34.83,36.0,36.92,34.58,33843,170800386.0,6.58,1.29,0.46,4.8
2020-02-07,36.59,36.84,37.51,35.29,30054,154073319.0,6.17,2.33,0.84,4.26
2020-02-10,36.31,36.14,36.8,35.54,25861,131812765.0,3.42,-1.9,-0.7,3.67
2020-02-11,36.51,37.28,37.32,35.8,30646,158978664.0,4.21,3.15,1.14,4.34
2020-02-12,37.01,37.21,37.53,36.64,20189,105391738.0,2.39,-0.19,-0.07,2.86
2020-02-13,36.89,36.32,37.52,36.24,21545,111403567.0,3.44,-2.39,-0.89,3.05
2020-02-14,35.97,35.91,37.03,35.57,21642,110356673.0,4.02,-1.13,-0.41,3.07
2020-02-17,36.37,38.54,39.0,36.37,47951,257918647.0,7.32,7.32,2.63,6.8
2020-02-18,39.01,40.06,40.52,38.16,47655,262449113.0,6.12,3.94,1.52,6.76
2020-02-19,39.64,40.26,41.86,39.64,38674,222989640.0,5.54,0.5,0.2,5.48
2020-02-20,41.01,42.08,44.16,40.27,61562,363796096.0,9.66,4.52,1.82,8.73
2020-02-21,42.89,42.68,43.24,41.82,44362,265255877.0,3.37,1.43,0.6,6.29
2020-02-24,43.96,44.46,45.11,42.81,62503,388962544.0,5.39,4.17,1.78,8.86
2020-02-25,43.4,46.25,46.68,42.09,77047,489757088.0,10.32,4.03,1.79,10.92
2020-02-26,44.81,41.61,45.52,41.61,55734,337436992.0,8.45,-10.03,-4.64,7.9
2020-02-27,41.82,40.68,42.52,39.82,36288,209651684.0,6.49,-2.24,-0.93,5.14
2020-02-28,38.96,38.81,39.96,36.96,46098,247765258.0,7.37,-4.6,-1.87,6.54
2020-03-02,38.52,39.62,40.51,37.15,48542,263227935.0,8.66,2.09,0.81,6.88
2020-03-03,40.04,38.77,40.72,38.09,40747,227337916.0,6.64,-2.15,-0.85,5.78
2020-03-04,38.06,36.21,38.71,35.68,49925,258042958.0,7.82,-6.6,-2.56,7.08
2020-03-05,36.83,36.91,37.41,35.89,35080,181898557.0,4.2,1.93,0.7,4.97
2020-03-06,36.19,36.6,37.46,35.93,27127,140032678.0,4.15,-0.84,-0.31,3.85
2020-03-09,36.46,33.9,36.46,33.79,31003,151694844.0,7.3,-7.38,-2.7,4.4
2020-03-10,33.41,35.15,35.17,33.41,29505,142916385.0,5.19,3.69,1.25,4.18
2020-03-11,35.45,33.61,35.66,33.6,35064,169206412.0,5.86,-4.38,-1.54,4.97
2020-03-12,33.32,32.37,33.32,31.54,35308,161095530.0,5.3,-3.69,-1.24,5.01
2020-03-13,30.6,31.94,32.51,30.04,37055,163357155.0,7.63,-1.33,-0.43,5.25
2020-03-16,32.18,29.58,32.46,29.11,40478,173524555.0,10.49,-7.39,-2.36,5.74
2020-03-17,29.97,29.01,30.69,28.25,35056,143634138.0,8.25,-1.93,-0.57,4.97
2020-03-18,29.42,29.19,31.2,29.11,42482,179668660.0,7.2,0.62,0.18,6.02
2020-03-19,29.75,29.96,30.19,28.76,38382,159648196.0,4.9,2.64,0.77,5.44
2020-03-20,30.56,29.71,30.68,29.24,29562,124134662.0,4.81,-0.83,-0.25,4.19
2020-03-23,28.11,28.09,28.95,27.67,30221,120751554.0,4.31,-5.45,-1.62,4.28
2020-03-24,28.61,28.82,29.09,27.55,36244,145738816.0,5.48,2.6,0.73,5.14
2020-03-25,29.61,29.69,29.89,29.11,32273,134318470.0,2.71,3.02,0.87,4.58
2020-03-26,29.66,28.96,29.66,28.61,19223,78825047.0,3.54,-2.46,-0.73,2.73
2020-03-27,29.25,28.82,29.58,28.62,15756,64564734.0,3.31,-0.48,-0.14,2.23
2020-03-30,27.9,28.42,28.79,27.2,22695,89303088.0,5.52,-1.39,-0.4,3.22
2020-03-31,29.1,28.96,29.75,27.89,35492,144854661.0,6.54,1.9,0.54,5.03
2020-04-01,28.96,28.75,29.56,28.32,26492,108284760.0,4.28,-0.73,-0.21,3.76
2020-04-02,28.67,29.67,29.76,28.21,33882,137299994.0,5.39,3.2,0.92,4.8
2020-04-03,29.39,28.31,29.44,28.15,32517,130884533.0,4.35,-4.58,-1.36,4.61
2020-04-07,29.07,29.41,29.73,29.02,38926,161013278.0,2.51,3.89,1.1,5.52
2020-04-08,29.3,30.44,30.45,28.91,40327,170634070.0,5.24,3.5,1.03,5.72
2020-04-09,30.54,30.16,31.19,29.74,36856,156840557.0,4.76,-0.92,-0.28,5.23
2020-04-10,29.91,30.37,30.52,29.63,28511,121101892.0,2.95,0.7,0.21,4.04
2020-04-13,29.88,29.01,30.04,28.4,25820,106440660.0,5.4,-4.48,-1.36,3.66
2020-04-14,29.29,29.51,29.59,28.82,16041,66033066.0,2.65,1.72,0.5,2.27
2020-04-15,29.57,30.39,31.15,29.01,36470,154506589.0,7.25,2.98,0.88,5.17
2020-04-16,30.02,30.34,30.84,30.02,23348,99876288.0,2.7,-0.16,-0.05,3.31
2020-04-17,30.5,31.57,31.83,30.5,44583,197056501.0,4.38,4.05,1.23,6.32
2020-04-20,31.61,33.18,33.55,31.18,37801,173579528.0,7.51,5.1,1.61,5.36
2020-04-21,33.17,32.5,33.75,32.02,29768,136694947.0,5.21,-2.05,-0.68,4.22
2020-04-22,32.4,32.46,32.69,31.66,24522,110804538.0,3.17,-0.12,-0.04,3.48
2020-04-23,32.24,32.14,33.03,31.75,19376,88152401.0,3.94,-0.99,-0.32,2.75
2020-04-24,31.83,32.4,32.75,31.4,15977,72219699.0,4.2,0.81,0.26,2.27
2020-04-27,33.14,31.54,33.31,30.79,27403,122118996.0,7.78,-2.65,-0.86,3.89
2020-04-28,31.04,31.24,31.57,29.46,27559,119089609.0,6.69,-0.95,-0.3,3.91
2020-04-29,31.25,33.18,33.76,30.89,46621,215952026.0,9.19,6.21,1.94,6.61
2020-04-30,33.34,34.64,35.46,32.89,44109,214864027.0,7.75,4.4,1.46,6.25
2020-05-06,34.22,35.79,36.29,34.22,40208,200358620.0,5.98,3.32,1.15,5.7
2020-05-07,35.73,34.51,36.49,34.29,34456,169145361.0,6.15,-3.58,-1.28,4.88
2020-05-08,34.83,35.32,35.95,34.46,34327,170431403.0,4.32,2.35,0.81,4.87
2020-05-11,35.57,34.95,36.16,34.6,30836,152960021.0,4.42,-1.05,-0.37,4.37
2020-05-12,34.95,34.51,35.17,33.82,22262,107749496.0,3.86,-1.26,-0.44,3.16
2020-05-13,34.49,34.49,34.71,33.98,18128,87380639.0,2.12,-0.06,-0.02,2.57
2020-05-14,34.31,34.16,34.68,33.94,16251,78098459.0,2.15,-0.96,-0.33,2.3
2020-05-15,34.22,36.05,36.41,34.09,44474,221474693.0,6.79,5.53,1.89,6.31
2020-05-18,36.0,36.66,37.36,35.64,41296,212263139.0,4.77,1.69,0.61,5.85
2020-05-19,37.16,36.31,37.16,35.79,33126,168651495.0,3.74,-0.95,-0.35,4.7
2020-05-20,36.36,35.14,36.43,34.52,21965,109710394.0,5.26,-3.22,-1.17,3.11
2020-05-21,35.14,35.31,36.11,34.77,24632,122695890.0,3.81,0.48,0.17,3.49
2020-05-22,35.01,34.01,35.18,33.96,24201,116973146.0,3.46,-3.68,-1.3,3.43
2020-05-25,33.79,33.25,33.79,32.14,35855,165198187.0,4.85,-2.23,-0.76,5.08
2020-05-26,34.13,33.43,34.13,32.94,26003,121909134.0,3.58,0.54,0.18,3.69
2020-05-27,33.29,32.86,33.42,32.32,22173,102373679.0,3.29,-1.71,-0.57,3.14
2020-05-28,32.88,32.9,33.19,31.57,27035,123103050.0,4.93,0.12,0.04,3.49
2020-05-29,32.47,33.35,33.54,32.21,21606,100472005.0,4.04,1.37,0.45,2.79
2020-06-01,33.46,34.39,34.66,33.46,29296,141498835.0,3.6,3.12,1.04,3.78
2020-06-02,34.57,35.57,36.2,34.21,36382,179887780.0,5.79,3.43,1.18,4.7
2020-06-03,35.81,36.02,36.79,35.21,40996,208426844.0,4.44,1.27,0.45,5.29
2020-06-04,36.31,36.76,36.98,35.94,32681,168259080.0,2.89,2.05,0.74,4.22
2020-06-05,36.51,36.29,37.36,35.78,32664,166859934.0,4.3,-1.28,-0.47,4.22
2020-06-08,36.64,35.53,37.83,35.38,68332,352360256.0,6.75,-2.09,-0.76,8.82
2020-06-09,35.49,34.74,35.9,34.5,30938,152175565.0,3.94,-2.22,-0.79,3.99
2020-06-10,34.16,34.74,35.44,33.08,64778,312285072.0,6.79,0.0,0.0,8.36
2020-06-11,34.94,34.03,36.43,33.83,58153,285491680.0,7.48,-2.04,-0.71,7.51
2020-06-12,33.17,33.64,34.0,32.89,35152,165275674.0,3.26,-1.15,-0.39,4.54
2020-06-15,33.5,33.71,34.5,33.14,26796,126753639.0,4.04,0.21,0.07,3.46
2020-06-16,34.0,34.91,35.07,33.82,30936,149959160.0,3.71,3.56,1.2,3.99
2020-06-17,35.5,33.95,35.5,33.64,33663,161351162.0,5.33,-2.75,-0.96,4.34
2020-06-18,33.98,34.3,34.43,33.61,22396,107689462.0,2.42,1.03,0.35,2.89
2020-06-19,34.38,34.86,35.04,34.36,33204,162374397.0,1.98,1.63,0.56,4.28
2020-06-22,35.32,35.87,36.24,34.74,43151,214985075.0,4.3,2.9,1.01,5.56
2020-06-23,35.64,35.33,36.46,35.2,36261,181968241.0,3.51,-1.51,-0.54,4.67
2020-06-24,35.24,35.62,36.86,35.24,38902,196975801.0,4.59,0.82,0.29,5.01
2020-06-29,35.65,36.14,36.76,35.64,39561,201176412.0,3.14,1.46,0.52,5.1
2020-06-30,36.29,37.64,37.71,36.01,61975,322421072.0,4.7,4.15,1.5,7.99
2020-07-01,36.86,36.33,36.86,35.61,62549,318449600.0,3.32,-3.48,-1.31,8.06
2020-07-02,36.36,36.21,36.41,35.71,32923,167225082.0,1.93,-0.33,-0.12,4.24
2020-07-03,36.11,36.35,36.54,35.8,29647,150693790.0,2.04,0.39,0.14,3.82
2020-07-06,36.33,37.57,37.64,36.21,50341,262505047.0,3.93,3.36,1.22,6.49
2020-07-07,37.86,38.06,38.86,37.0,72847,388022576.0,4.95,1.3,0.49,9.39
2020-07-08,38.3,38.71,38.82,37.54,52384,282755712.0,3.36,1.71,0.65,6.75
2020-07-09,38.74,39.21,39.54,38.43,56370,309361392.0,2.87,1.29,0.5,7.27
2020-07-10,39.21,38.43,39.51,38.3,42292,230761632.0,3.09,-1.99,-0.78,5.45
2020-07-13,38.71,40.0,40.0,38.57,55632,309292048.0,3.72,4.09,1.57,7.17
2020-07-14,41.06,41.1,41.96,39.46,73017,416567632.0,6.25,2.75,1.1,9.41
2020-07-15,40.93,37.44,41.04,37.36,68494,374059152.0,8.95,-8.91,-3.66,8.83
2020-07-16,37.39,34.93,38.07,34.86,47155,241578924.0,8.57,-6.7,-2.51,6.08
2020-07-17,34.86,35.38,35.84,34.64,28766,142569778.0,3.44,1.29,0.45,3.71
2020-07-20,35.91,35.94,36.07,35.09,23598,118408342.0,2.77,1.58,0.56,3.04
2020-07-21,36.06,35.8,36.55,35.51,24053,121509572.0,2.89,-0.39,-0.14,3.1
2020-07-22,35.61,35.59,36.05,35.19,28438,142610935.0,2.4,-0.59,-0.21,3.67
2020-07-23,34.54,33.85,35.25,33.43,56601,270393120.0,5.11,-4.89,-1.74,7.3
2020-07-24,33.7,31.46,33.7,31.32,43554,199303452.0,7.03,-7.06,-2.39,5.61
2020-07-27,31.76,32.65,32.65,30.79,25368,113687369.0,5.91,3.78,1.19,3.27
2020-07-28,32.86,33.32,33.35,32.74,20317,94477858.0,1.87,2.05,0.67,2.62
2020-07-29,33.42,33.74,33.8,32.81,23086,108802542.0,2.97,1.26,0.42,2.98
2020-07-30,33.72,32.76,33.72,32.64,27907,129499358.0,3.2,-2.9,-0.98,3.6
2020-07-31,32.91,33.09,33.26,32.61,18776,86989378.0,1.98,1.01,0.33,2.42
2020-08-03,33.57,33.93,33.93,33.21,23280,110105200.0,2.18,2.54,0.84,3.0
2020-08-04,33.94,33.35,34.06,33.1,24090,113209096.0,2.83,-1.71,-0.58,3.11
2020-08-05,33.4,33.25,33.62,32.71,19888,92479031.0,2.73,-0.3,-0.1,2.56
2020-08-06,33.39,33.42,33.56,32.93,20307,95169414.0,1.89,0.51,0.17,2.62
2020-08-07,33.42,32.51,33.44,32.01,22783,104374092.0,4.28,-2.72,-0.91,2.94
2020-08-10,32.92,32.64,32.92,32.27,12373,56595117.0,2.0,0.4,0.13,1.59
2020-08-11,32.64,31.83,32.82,31.83,14432,65663644.0,3.03,-2.48,-0.81,1.86
2020-08-12,31.64,31.26,31.93,30.49,23061,100615662.0,4.52,-1.79,-0.57,2.97
2020-08-13,31.26,30.99,31.49,30.88,12712,55587923.0,1.95,-0.86,-0.27,1.64
2020-08-14,30.99,31.55,31.59,30.94,10751,47350355.0,2.1,1.81,0.56,1.39
2020-08-17,31.83,32.82,32.99,31.56,26474,121529150.0,4.53,4.03,1.27,3.41
2020-08-18,32.98,33.49,33.57,32.66,27927,130361965.0,2.77,2.04,0.67,3.6
2020-08-19,33.39,32.74,33.54,32.5,15888,73477564.0,3.11,-2.24,-0.75,2.05
2020-08-20,32.57,32.7,32.84,32.22,8513,39012524.0,1.89,-0.12,-0.04,1.1
2020-08-21,32.93,33.35,33.64,32.75,18606,87243849.0,2.72,1.99,0.65,2.4
2020-08-24,33.42,33.47,33.66,32.77,18261,85768711.0,2.67,0.36,0.12,2.35
2020-08-25,33.76,33.64,33.76,33.28,16349,77078361.0,1.43,0.51,0.17,2.11
2020-08-26,33.26,31.28,33.26,31.0,35031,156509773.0,6.72,-7.02,-2.36,4.52
2020-08-27,30.87,30.91,31.25,30.46,22598,97775609.0,2.53,-1.18,-0.37,2.91
2020-08-28,30.71,31.24,31.36,30.57,14239,61907248.0,2.56,1.07,0.33,1.84
2020-08-31,31.23,31.16,31.71,31.15,16840,74392257.0,1.79,-0.26,-0.08,2.17
2020-09-01,31.29,31.01,31.39,30.64,10027,43488130.0,2.41,-0.48,-0.15,1.29
2020-09-02,30.88,30.74,31.14,30.49,11433,49415235.0,2.1,-0.87,-0.27,1.47
2020-09-03,30.74,30.27,30.81,29.88,14978,63576227.0,3.03,-1.53,-0.47,1.93
2020-09-04,29.71,30.56,30.59,29.54,10198,43441733.0,3.47,0.96,0.29,1.31
2020-09-07,30.31,30.05,30.82,29.88,9511,40725966.0,3.08,-1.67,-0.51,1.23
2020-09-08,29.92,30.07,30.3,29.55,8291,34869625.0,2.5,0.07,0.02,1.07
2020-09-09,29.57,29.06,30.0,29.04,14662,60427444.0,3.19,-3.36,-1.01,1.89
2020-09-10,29.48,28.63,29.48,28.61,8195,33254250.0,2.99,-1.48,-0.43,1.06
2020-09-11,28.91,29.26,29.32,28.29,7566,30601607.0,3.6,2.2,0.63,0.98
2020-09-14,29.29,29.11,29.86,29.06,9635,39925959.0,2.73,-0.51,-0.15,1.24
2020-09-15,29.12,28.86,29.34,28.53,7071,28623317.0,2.78,-0.86,-0.25,0.91
2020-09-16,28.79,29.71,29.74,28.57,9649,39501099.0,4.05,2.95,0.85,1.24
2020-09-17,29.86,29.49,30.29,29.12,13962,58023880.0,3.94,-0.74,-0.22,1.8
2020-09-18,29.51,29.64,29.71,29.26,9552,39698507.0,1.53,0.51,0.15,1.23
2020-09-21,29.67,29.67,29.79,29.54,6073,25322774.0,0.84,0.1,0.03,0.78
2020-09-22,29.64,29.23,29.64,29.01,5127,21072897.0,2.12,-1.48,-0.44,0.66
2020-09-23,29.32,29.13,29.32,28.96,3898,15967882.0,1.23,-0.34,-0.1,0.5
2020-09-24,28.86,28.54,29.1,28.41,6468,26039471.0,2.37,-2.03,-0.59,0.83
2020-09-25,28.69,28.41,28.75,28.14,5135,20512626.0,2.14,-0.46,-0.13,0.66
2020-09-28,28.41,28.46,28.98,28.24,4252,17064878.0,2.6,0.18,0.05,0.55
2020-09-29,28.48,28.49,28.81,28.48,3936,15850638.0,1.16,0.11,0.03,0.51
2020-09-30,28.54,28.89,29.13,28.49,8274,33633501.0,2.25,1.4,0.4,1.07
2020-10-09,29.05,29.71,29.84,29.05,10531,43564508.0,2.73,2.84,0.82,1.36
2020-10-12,29.9,30.01,30.03,29.71,13073,54926526.0,1.08,1.01,0.3,1.69
2020-10-13,29.86,29.75,29.93,29.49,9706,40500130.0,1.47,-0.87,-0.26,1.25
2020-10-14,29.76,31.01,31.38,29.5,31587,136424528.0,6.32,4.24,1.26,4.07
2020-10-15,31.01,31.9,32.36,31.0,34468,154532698.0,4.39,2.87,0.89,4.44
2020-10-16,32.04,31.96,32.19,31.41,20264,90933239.0,2.45,0.19,0.06,2.61
2020-10-19,32.14,32.04,32.54,31.74,20316,91902196.0,2.5,0.25,0.08,2.62
2020-10-20,31.99,32.39,32.47,31.75,13402,60814638.0,2.25,1.09,0.35,1.73
2020-10-21,32.43,31.84,32.43,31.76,15414,69388397.0,2.07,-1.7,-0.55,1.99
2020-10-22,31.81,31.88,32.9,31.52,16792,76080022.0,4.33,0.13,0.04,2.16
2020-10-23,31.89,32.76,33.14,31.89,24639,113565715.0,3.92,2.76,0.88,3.18
2020-10-26,32.99,33.5,33.69,32.35,26634,125095660.0,4.09,2.26,0.74,3.43
2020-10-27,33.19,32.21,33.7,32.15,25661,118156280.0,4.63,-3.85,-1.29,3.31
2020-10-28,32.01,32.21,32.64,31.86,17387,78762342.0,2.42,0.0,0.0,2.32
2020-10-29,31.73,31.98,32.39,31.61,13426,60477766.0,2.42,-0.71,-0.23,1.79
2020-10-30,32.01,31.25,32.26,31.25,14970,66784814.0,3.16,-2.28,-0.73,2.0
2020-11-02,31.25,32.41,33.11,31.0,16902,76754112.0,6.75,3.71,1.16,2.26
2020-11-03,32.54,33.99,34.13,32.11,30603,143388881.0,6.23,4.88,1.58,4.09
2020-11-04,33.74,33.86,34.3,33.65,19956,95381590.0,1.91,-0.38,-0.13,2.67
2020-11-05,34.29,33.87,34.49,33.76,19140,91473386.0,2.16,0.03,0.01,2.56
2020-11-06,33.44,33.54,34.1,33.2,13744,64769359.0,2.66,-0.97,-0.33,1.84
2020-11-09,33.54,35.07,35.11,33.54,32729,159308366.0,4.68,4.56,1.53,4.37
2020-11-10,35.11,34.28,35.11,33.86,16925,81696207.0,3.56,-2.25,-0.79,2.26
2020-11-11,34.21,34.34,34.79,33.56,14656,70361020.0,3.59,0.18,0.06,1.96
2020-11-12,34.14,34.88,34.99,34.0,16726,81317423.0,2.88,1.57,0.54,2.24
2020-11-13,35.0,34.44,35.0,33.82,13792,66507281.0,3.38,-1.26,-0.44,1.84
2020-11-16,34.86,34.56,34.86,34.14,8923,43236404.0,2.09,0.35,0.12,1.19
2020-11-17,34.57,33.51,34.57,33.07,12813,60483213.0,4.34,-3.04,-1.05,1.71
2020-11-18,33.77,35.42,35.93,33.51,33645,165616589.0,7.22,5.7,1.91,4.5
2020-11-19,35.43,34.91,35.43,34.66,15716,77227950.0,2.17,-1.44,-0.51,2.07
2020-11-20,34.94,35.35,35.86,34.29,16608,82015015.0,4.5,1.26,0.44,2.19
2020-11-23,35.21,35.11,35.29,34.09,15167,73857027.0,3.39,-0.68,-0.24,2.0
2020-11-24,35.11,34.36,35.11,34.18,10410,50480764.0,2.65,-2.14,-0.75,1.37
2020-11-25,34.5,33.71,34.51,33.68,18815,89701610.0,2.42,-1.89,-0.65,2.48
2020-11-26,34.0,32.84,34.0,32.62,18225,84850835.0,4.09,-2.58,-0.87,2.4
2020-11-27,32.98,32.53,32.98,32.07,11376,51857780.0,2.77,-0.94,-0.31,1.5
2020-11-30,32.54,32.05,32.82,32.02,7612,34655392.0,2.46,-1.48,-0.48,1.0
2020-12-01,31.84,32.63,32.93,31.84,8495,38843862.0,3.4,1.81,0.58,1.12
2020-12-02,32.86,33.26,33.75,32.43,15040,70161510.0,4.05,1.93,0.63,1.98
2020-12-03,33.24,33.07,33.36,32.71,9329,43201441.0,1.95,-0.57,-0.19,1.23
2020-12-04,32.73,32.57,32.9,32.32,9341,42780486.0,1.75,-1.51,-0.5,1.23
2020-12-07,32.57,32.31,32.69,32.31,5186,23708522.0,1.17,-0.8,-0.26,0.68
2020-12-08,32.29,32.37,32.57,32.0,5427,24690253.0,1.76,0.19,0.06,0.72
2020-12-09,32.04,31.54,32.51,31.37,11929,53093606.0,3.52,-2.56,-0.83,1.57
2020-12-10,31.3,31.14,31.56,30.94,4398,19293289.0,1.97,-1.27,-0.4,0.58
2020-12-11,31.49,30.85,31.59,30.5,9124,39466682.0,3.5,-0.93,-0.29,1.2
2020-12-14,30.85,31.64,31.64,29.98,10539,45822831.0,5.38,2.56,0.79,1.39
2020-12-15,31.3,31.51,31.79,30.73,7398,32685683.0,3.35,-0.41,-0.13,0.98
2020-12-16,31.51,31.11,31.51,30.94,5058,22145312.0,1.81,-1.27,-0.4,0.67
2020-12-17,31.11,31.21,31.46,30.34,9772,42454334.0,3.6,0.32,0.1,1.29
2020-12-18,31.02,32.54,33.27,30.83,24814,112388497.0,7.82,4.26,1.33,3.27
2020-12-21,32.5,31.0,32.5,30.7,50409,220310657.0,5.53,-4.73,-1.54,5.27
2020-12-22,31.07,30.61,31.51,30.16,28319,122865560.0,4.35,-1.26,-0.39,2.96
2020-12-23,30.57,30.33,30.9,30.0,20955,89363861.0,2.94,-0.91,-0.28,2.19
2020-12-24,30.28,29.92,30.28,29.21,17878,74893954.0,3.53,-1.35,-0.41,1.87
2020-12-25,29.85,29.79,29.99,29.42,14196,59204840.0,1.91,-0.43,-0.13,1.48
2020-12-28,29.84,31.04,31.2,29.84,25577,110900610.0,4.57,4.2,1.25,2.67
2020-12-29,31.21,32.93,34.15,30.93,49296,230791410.0,10.37,6.09,1.89,5.15
2020-12-30,32.56,33.46,33.56,32.49,25939,120612780.0,3.25,1.61,0.53,2.71
2020-12-31,33.42,34.85,34.93,33.04,34531,167258753.0,5.65,4.15,1.39,3.61
2021-01-04,34.93,34.58,35.46,34.0,29594,144346918.0,4.19,-0.77,-0.27,3.09
2021-01-05,35.1,34.62,35.56,34.37,36829,181286951.0,3.44,0.12,0.04,3.85
2021-01-06,34.56,34.13,35.06,33.85,20799,100027323.0,3.5,-1.42,-0.49,2.17
2021-01-07,34.4,32.71,34.4,32.01,34586,159320208.0,7.0,-4.16,-1.42,3.61
2021-01-08,32.5,32.05,32.96,31.9,23955,108671083.0,3.24,-2.02,-0.66,2.5
2021-01-11,32.05,32.27,33.26,31.87,26123,119168838.0,4.34,0.69,0.22,2.73
2021-01-12,32.13,33.33,33.84,31.9,24210,112412252.0,6.01,3.28,1.06,2.53
2021-01-13,33.16,34.59,34.77,32.86,33389,159161852.0,5.73,3.78,1.26,3.49
2021-01-14,34.65,34.87,35.36,33.64,27392,133327883.0,4.97,0.81,0.28,2.86
2021-01-15,34.76,36.14,36.31,34.29,45025,225239138.0,5.79,3.64,1.27,4.71
2021-01-18,36.0,36.2,36.75,34.72,38520,194037142.0,5.62,0.17,0.06,4.03
2021-01-19,36.11,36.0,36.69,35.64,28461,145008575.0,2.9,-0.55,-0.2,2.97
2021-01-20,35.94,36.86,37.11,35.79,31941,164488283.0,3.67,2.39,0.86,3.34
2021-01-21,39.86,36.29,39.86,36.13,66773,358116608.0,10.12,-1.55,-0.57,6.98
2021-01-22,37.1,37.68,37.86,36.41,43881,229133528.0,4.0,3.83,1.39,4.59
2021-01-25,37.51,38.36,39.04,37.41,48776,262641655.0,4.33,1.8,0.68,5.1
2021-01-26,38.06,38.17,39.05,37.74,21246,114700676.0,3.42,-0.5,-0.19,2.22
2021-01-27,38.07,37.81,38.61,37.16,22022,116529016.0,3.8,-0.94,-0.36,2.3
2021-01-28,36.74,37.61,38.52,36.74,25930,137426336.0,4.71,-0.53,-0.2,2.71
2021-01-29,37.68,36.86,38.29,36.29,24601,128628619.0,5.32,-1.99,-0.75,2.57
2021-02-01,36.62,39.92,40.39,36.62,53051,292781488.0,10.23,8.3,3.06,5.54
2021-02-02,39.77,40.73,41.14,39.29,30928,176061247.0,4.63,2.03,0.81,3.23
2021-02-03,40.77,40.36,42.38,40.11,36719,212995930.0,5.57,-0.91,-0.37,3.84
2021-02-04,39.86,39.61,41.14,38.65,25669,143142278.0,6.17,-1.86,-0.75,2.68
2021-02-05,39.36,37.77,39.9,37.62,22074,119196888.0,5.76,-4.65,-1.84,2.31
2021-02-08,37.4,39.93,40.49,37.4,26611,147917483.0,8.18,5.72,2.16,2.78
2021-02-09,39.84,39.83,40.21,39.36,14151,79139942.0,2.13,-0.25,-0.1,1.48
2021-02-10,39.71,38.7,39.74,38.44,22929,125502170.0,3.26,-2.84,-1.13,2.4
2021-02-18,39.5,40.57,41.24,38.49,21725,121998678.0,7.11,4.83,1.87,2.27
2021-02-19,40.06,42.36,42.86,40.06,34111,201312499.0,6.9,4.41,1.79,3.57
2021-02-22,42.64,41.26,42.64,40.66,21820,127190205.0,4.67,-2.6,-1.1,2.28
2021-02-23,40.94,41.63,42.2,40.22,18722,109153859.0,4.8,0.9,0.37,1.96
2021-02-24,41.29,41.23,42.12,40.57,17006,98926639.0,3.72,-0.96,-0.4,1.78
2021-02-25,41.79,41.63,42.04,40.43,15337,88762073.0,3.9,0.97,0.4,1.6
2021-02-26,41.12,41.61,42.18,40.93,14484,84578033.0,3.0,-0.05,-0.02,1.51
2021-03-01,41.64,43.01,44.06,41.41,22765,137740063.0,6.37,3.36,1.4,2.38
2021-03-02,43.01,43.5,43.6,42.74,10673,64657978.0,2.0,1.14,0.49,1.12
2021-03-03,43.44,43.86,44.36,42.81,11840,72571458.0,3.56,0.83,0.36,1.24
2021-03-04,43.79,43.76,44.73,43.09,14211,87881430.0,3.74,-0.23,-0.1,1.49
2021-03-05,42.71,43.7,44.0,41.54,16103,97595909.0,5.62,-0.14,-0.06,1.68
2021-03-08,47.84,46.52,48.09,46.04,72642,481808736.0,4.69,6.45,2.82,7.59
2021-03-09,46.76,42.36,46.76,42.36,40390,250371923.0,9.46,-8.94,-4.16,4.22
2021-03-10,43.26,45.36,46.14,43.07,38084,238778559.0,7.25,7.08,3.0,3.98
2021-03-11,45.64,46.54,47.2,44.66,25050,162783550.0,5.6,2.6,1.18,2.62
2021-03-12,46.29,46.24,46.44,44.5,20904,134004343.0,4.17,-0.64,-0.3,2.18
2021-03-15,45.66,45.49,46.96,44.57,22110,142151501.0,5.17,-1.62,-0.75,2.31
2021-03-16,45.57,45.43,46.29,44.36,16575,105523094.0,4.24,-0.13,-0.06,1.73
2021-03-17,45.07,49.06,49.37,44.64,49695,334549920.0,10.41,7.99,3.63,5.19
2021-03-18,47.95,47.39,48.11,46.34,51122,338209200.0,3.61,-3.4,-1.67,5.34
2021-03-19,47.0,47.59,48.56,46.77,29498,198425649.0,3.78,0.42,0.2,3.08
2021-03-22,48.22,51.0,51.19,48.22,54271,382655776.0,6.24,7.17,3.41,5.67
2021-03-23,50.57,51.46,52.89,50.29,44636,324499952.0,5.1,0.9,0.46,4.67
2021-03-24,51.11,51.55,52.5,49.93,29227,210326019.0,4.99,0.17,0.09,3.05
2021-03-25,50.57,52.71,53.96,49.19,48618,353019984.0,9.25,2.25,1.16,5.08
2021-03-26,52.21,56.19,56.94,52.07,57149,438170288.0,9.24,6.6,3.48,5.97
2021-03-29,56.06,57.34,59.5,55.79,56434,455622144.0,6.6,2.05,1.15,5.9
2021-03-30,56.86,56.5,58.09,55.71,40021,318047648.0,4.15,-1.46,-0.84,4.18
2021-03-31,56.47,56.04,57.01,55.13,34431,270012656.0,3.33,-0.81,-0.46,3.6
2021-04-01,56.03,57.14,57.56,54.57,36252,284073536.0,5.34,1.96,1.1,3.79
2021-04-02,57.45,55.23,57.52,54.79,33753,262348594.0,4.78,-3.34,-1.91,3.53
2021-04-06,55.21,53.51,55.84,51.34,54032,403143296.0,8.15,-3.11,-1.72,5.65
2021-04-07,53.5,54.14,54.6,51.56,37170,277666368.0,5.68,1.18,0.63,3.88
2021-04-08,53.7,54.29,55.04,53.32,25903,196665766.0,3.18,0.28,0.15,2.71
2021-04-09,54.29,54.62,55.76,54.29,22352,172637186.0,2.71,0.61,0.33,2.34
2021-04-12,53.92,51.57,54.75,50.26,46293,337973152.0,8.22,-5.58,-3.05,4.84
2021-04-13,51.34,51.65,53.87,51.34,30333,223627756.0,4.91,0.16,0.08,3.17
2021-04-14,51.84,52.61,53.14,51.73,19892,147027382.0,2.73,1.86,0.96,2.08
2021-04-15,52.61,52.03,52.63,51.36,15847,115531266.0,2.41,-1.1,-0.58,1.66
2021-04-16,52.71,52.36,53.07,51.23,17900,131008905.0,3.54,0.63,0.33,1.87
2021-04-19,52.31,52.43,53.54,52.19,23018,170427263.0,2.58,0.13,0.07,2.41
2021-04-20,52.41,51.78,52.76,50.95,23725,172563413.0,3.45,-1.24,-0.65,2.48
2021-04-21,52.02,55.57,55.75,51.36,41781,317435376.0,8.48,7.32,3.79,4.37
2021-04-22,56.12,55.81,57.5,55.02,32763,257834486.0,4.46,0.43,0.24,3.42
2021-04-23,58.5,58.04,60.0,55.76,89739,519141168.0,7.6,4.0,2.23,6.73
2021-04-26,58.4,60.13,63.84,58.39,118898,736170672.0,9.39,3.6,2.09,8.92
2021-04-27,60.0,62.66,63.7,59.63,78109,487288720.0,6.77,4.21,2.53,5.86
2021-04-28,63.06,59.98,63.5,59.19,93360,565895696.0,6.88,-4.28,-2.68,7.0
2021-04-29,60.0,53.98,60.0,53.98,134043,734788720.0,10.04,-10.0,-6.0,10.06
2021-04-30,52.86,52.41,53.7,51.18,86501,453096288.0,4.67,-2.91,-1.57,6.49
2021-05-06,51.71,51.91,52.98,50.81,51326,266591528.0,4.14,-0.95,-0.5,3.85
2021-05-07,52.0,50.1,52.57,50.1,42008,214912464.0,4.76,-3.49,-1.81,3.15
2021-05-10,48.0,50.99,51.85,46.9,93646,462750400.0,9.88,1.78,0.89,7.02
2021-05-11,51.75,52.84,53.3,51.21,52049,272006176.0,4.1,3.63,1.85,3.9
2021-05-12,52.85,53.98,54.52,52.32,43623,233981711.0,4.16,2.16,1.14,3.04
2021-05-13,53.2,53.51,53.98,52.53,27850,148403046.0,2.69,-0.87,-0.47,1.94
2021-05-14,53.51,53.81,54.99,53.23,24267,130900494.0,3.29,0.56,0.3,1.69
2021-05-17,53.2,53.55,54.22,52.65,35778,190769674.0,2.92,-0.48,-0.26,2.5
2021-05-18,53.43,54.98,55.94,52.77,49027,268998816.0,5.92,2.67,1.43,3.42
2021-05-19,55.02,53.1,55.44,52.33,41039,219699463.0,5.66,-3.42,-1.88,2.86
2021-05-20,53.15,53.0,54.61,52.97,32475,174238309.0,3.09,-0.19,-0.1,2.26
2021-05-21,53.05,52.88,53.51,52.01,23462,123299128.0,2.83,-0.23,-0.12,1.64
2021-05-24,52.74,52.57,53.59,52.37,19105,101118564.0,2.31,-0.59,-0.31,1.33
2021-05-25,52.73,53.1,53.19,52.07,25692,135681057.0,2.13,1.01,0.53,1.79
2021-05-26,53.0,51.2,53.6,51.01,32847,170642024.0,4.88,-3.58,-1.9,2.29
2021-05-27,51.2,52.19,52.75,50.98,25793,134426270.0,3.46,1.93,0.99,1.8
2021-05-28,52.29,51.36,52.6,51.01,23264,120147276.0,3.05,-1.59,-0.83,1.62
2021-05-31,51.35,50.52,51.89,50.3,35900,183228198.0,3.1,-1.64,-0.84,2.5
2021-06-01,50.81,51.22,52.43,50.55,37296,191965089.0,3.72,1.39,0.7,2.6
2021-06-02,51.7,49.3,51.8,49.1,42498,211966038.0,5.27,-3.75,-1.92,2.96
2021-06-03,49.15,51.13,51.6,49.12,30217,153201556.0,5.03,3.71,1.83,2.11
2021-06-04,51.5,50.57,51.7,50.1,27672,140238748.0,3.13,-1.1,-0.56,1.93
2021-06-07,50.65,52.83,53.55,50.65,44910,235780652.0,5.73,4.47,2.26,3.13
2021-06-08,53.18,52.77,54.13,52.08,34647,183734923.0,3.88,-0.11,-0.06,2.42
2021-06-09,52.9,53.38,53.52,52.0,26835,141953746.0,2.88,1.16,0.61,1.87
2021-06-10,53.38,52.91,53.5,52.35,23141,122402072.0,2.15,-0.88,-0.47,1.61
2021-06-11,53.01,52.37,53.36,51.7,19416,101710896.0,3.14,-1.02,-0.54,1.35
2021-06-15,52.11,53.38,54.19,52.11,28782,153599270.0,3.97,1.93,1.01,2.01
2021-06-16,53.43,51.3,53.69,50.8,26342,136364603.0,5.41,-3.9,-2.08,1.84
2021-06-17,51.38,51.44,52.2,50.58,24658,126594209.0,3.16,0.27,0.14,1.72
2021-06-18,51.4,55.85,56.18,51.13,74517,404033584.0,9.82,8.57,4.41,5.2
2021-06-21,55.8,58.69,59.33,55.34,61252,356457136.0,7.14,5.09,2.84,4.27
2021-06-22,58.0,59.65,60.28,57.72,41862,248192358.0,4.36,1.64,0.96,2.92
2021-06-23,59.96,60.19,60.63,59.16,40492,242673753.0,2.46,0.91,0.54,2.82
2021-06-24,60.8,59.85,60.88,58.88,25938,154960444.0,3.32,-0.56,-0.34,1.81
2021-06-25,60.01,60.58,61.4,59.45,26088,157468152.0,3.26,1.22,0.73,1.82
2021-06-28,60.82,60.53,61.18,59.5,30004,180569696.0,2.77,-0.08,-0.05,2.09
2021-06-29,60.89,60.29,60.97,58.81,38344,229684441.0,3.57,-0.4,-0.24,2.67
2021-06-30,60.5,64.7,65.4,60.0,59799,381439696.0,8.96,7.31,4.41,4.17
2021-07-01,64.8,64.5,65.28,63.08,50921,327982208.0,3.4,-0.31,-0.2,3.55
2021-07-02,64.52,64.35,64.71,63.23,33508,214392126.0,2.29,-0.23,-0.15,2.34
2021-07-05,64.3,64.8,66.6,63.51,43958,284242080.0,4.8,0.7,0.45,3.07
2021-07-06,64.88,65.2,66.65,64.05,47294,308965328.0,4.01,0.62,0.4,3.3
2021-07-07,65.01,66.7,66.99,64.29,35714,236750413.0,4.14,2.3,1.5,2.49
2021-07-08,66.67,66.66,67.3,65.68,29393,194643085.0,2.43,-0.06,-0.04,2.05
2021-07-09,66.0,66.02,67.7,65.6,29161,193764281.0,3.15,-0.96,-0.64,2.03
2021-07-12,66.35,66.0,66.7,64.5,36594,240593824.0,3.33,-0.03,-0.02,2.55
2021-07-13,66.28,65.89,66.28,64.97,10378,68067397.0,1.98,-0.17,-0.11,0.72
